Country,Management,Location,Plot,Replication,BLK,Pedigree,Entry,YLD,AD,ASI,rEPP,nP,EA
Ethiopia,Low Nitrogen,Bako Low N,1,1,1,DH04,30,1.570130794,89,3,0.8,15,2.5
Ethiopia,Low Nitrogen,Bako Low N,2,1,1,ECAVL16-STR/NIP25,18,0.594924444,89,3,0.642857143,14,3.5
Ethiopia,Low Nitrogen,Bako Low N,3,1,1,ECAVL2/ECAVL16-STR,8,1.570130794,89,2,0.866666667,15,2.5
Ethiopia,Low Nitrogen,Bako Low N,4,1,1,ECAVL1/ECAVL16,2,2.503263492,88,2,0.866666667,15,2
Ethiopia,Low Nitrogen,Bako Low N,5,1,1,ECAVL16-STR-#,25,1.090201905,90,2,0.733333333,15,3
Ethiopia,Low Nitrogen,Bako Low N,6,1,2,ECAVL16/ECAVL18,14,2.065645714,88,2,0.857142857,14,2
Ethiopia,Low Nitrogen,Bako Low N,7,1,2,ECAVL16/ECAVL16-STR,12,1.19408,89,2,1,13,3
Ethiopia,Low Nitrogen,Bako Low N,8,1,2,ECAVL16-STR/ECAVL17,16,2.328730159,89,2,1.071428571,14,2
Ethiopia,Low Nitrogen,Bako Low N,9,1,2,NIP25-#,28,1.302059683,85,3,0.666666667,15,2.5
Ethiopia,Low Nitrogen,Bako Low N,10,1,2,ECAVL17-#,26,0.320377143,92,2,0.230769231,13,3
Ethiopia,Low Nitrogen,Bako Low N,11,1,3,ECAVL16/ECAVL17,13,0.966031746,87,2,1.272727273,11,3
Ethiopia,Low Nitrogen,Bako Low N,12,1,3,ECAVL2/ECAVL16,7,2.197047619,89,2,1,15,2.5
Ethiopia,Low Nitrogen,Bako Low N,13,1,3,ECAVL16-STR/ECAVL18,17,2.084772063,89,2,0.866666667,15,2.5
Ethiopia,Low Nitrogen,Bako Low N,14,1,3,ECAVL2/NIP25,11,1.258647619,85,5,0.928571429,14,3
Ethiopia,Low Nitrogen,Bako Low N,15,1,3,ECAVL1/ECAVL17,4,1.282911746,91,2,0.6,15,3
Ethiopia,Low Nitrogen,Bako Low N,16,1,4,ECAVL2-#,23,0.838342857,91,2,0.571428571,14,2.5
Ethiopia,Low Nitrogen,Bako Low N,17,1,4,ECAVL1/NIP25,6,1.65272381,84,3,0.928571429,14,3
Ethiopia,Low Nitrogen,Bako Low N,18,1,4,ECAVL1/ECAVL16-STR,3,1.845714286,89,2,0.933333333,15,2.5
Ethiopia,Low Nitrogen,Bako Low N,19,1,4,ECAVL2/ECAVL18,10,2.466284444,89,2,1.75,8,2
Ethiopia,Low Nitrogen,Bako Low N,20,1,4,ECAVL18/NIP25,21,1.437714286,89,2,0.769230769,13,2.5
Ethiopia,Low Nitrogen,Bako Low N,21,1,5,ECAVL17/NIP25,20,0.731723175,90,2,0.866666667,15,3.5
Ethiopia,Low Nitrogen,Bako Low N,22,1,5,ECAVL16-#,24,1.347241905,86,2,1,14,2.5
Ethiopia,Low Nitrogen,Bako Low N,23,1,5,CML202/CML395/CML312-RE,29,.,.,.,.,.,.
Ethiopia,Low Nitrogen,Bako Low N,24,1,5,ECAVL16/NIP25,15,3.492220952,82,3,1,15,1.5
Ethiopia,Low Nitrogen,Bako Low N,25,1,5,ECAVL1/ECAVL18,5,2.437271111,88,2,0.666666667,15,1.5
Ethiopia,Low Nitrogen,Bako Low N,26,1,6,ECAVL18-#,27,2.101459048,89,2,1,15,2.5
Ethiopia,Low Nitrogen,Bako Low N,27,1,6,ECAVL1/ECAVL2,1,2.25112381,89,2,1.071428571,14,2.5
Ethiopia,Low Nitrogen,Bako Low N,28,1,6,ECAVL1-#,22,0.676222222,85,3,0.666666667,15,3.5
Ethiopia,Low Nitrogen,Bako Low N,29,1,6,ECAVL2/ECAVL17,9,0.444374603,91,2,0.428571429,14,3.5
Ethiopia,Low Nitrogen,Bako Low N,30,1,6,ECAVL17/ECAVL18,19,3.110622222,87,2,1,15,2.5
Ethiopia,Low Nitrogen,Bako Low N,31,2,7,ECAVL2/NIP25,11,1.702115556,87,2,0.866666667,15,2.5
Ethiopia,Low Nitrogen,Bako Low N,32,2,7,ECAVL1/NIP25,6,2.808011429,87,2,1,15,2
Ethiopia,Low Nitrogen,Bako Low N,33,2,7,ECAVL16-STR-#,25,2.182864762,90,2,1.083333333,12,2.5
Ethiopia,Low Nitrogen,Bako Low N,34,2,7,ECAVL1-#,22,2.644444444,84,1,1.083333333,12,2
Ethiopia,Low Nitrogen,Bako Low N,35,2,7,CML202/CML395/CML312-RE,29,0.918539683,85,2,1.2,5,2.5
Ethiopia,Low Nitrogen,Bako Low N,36,2,8,ECAVL2/ECAVL17,9,4.111862857,85,3,1.066666667,15,1.5
Ethiopia,Low Nitrogen,Bako Low N,37,2,8,ECAVL18/NIP25,21,3.049853968,85,2,1.066666667,15,2
Ethiopia,Low Nitrogen,Bako Low N,38,2,8,ECAVL1/ECAVL18,5,2.831735873,83,1,1,15,2.5
Ethiopia,Low Nitrogen,Bako Low N,39,2,8,ECAVL16/ECAVL17,13,2.40176,84,3,1,13,2.5
Ethiopia,Low Nitrogen,Bako Low N,40,2,8,ECAVL16/ECAVL18,14,1.446133333,87,2,0.785714286,14,2.5
Ethiopia,Low Nitrogen,Bako Low N,41,2,9,ECAVL16-STR/ECAVL18,17,2.237502222,89,1,1,14,2.5
Ethiopia,Low Nitrogen,Bako Low N,42,2,9,ECAVL17/ECAVL18,19,2.500737778,88,1,0.866666667,15,2
Ethiopia,Low Nitrogen,Bako Low N,43,2,9,NIP25-#,28,0.797456508,87,3,0.692307692,13,3.5
Ethiopia,Low Nitrogen,Bako Low N,44,2,9,ECAVL17/NIP25,20,2.379093333,88,1,0.933333333,15,2.5
Ethiopia,Low Nitrogen,Bako Low N,45,2,9,DH04,30,1.76368254,90,2,0.733333333,15,2.5
Ethiopia,Low Nitrogen,Bako Low N,46,2,10,ECAVL2/ECAVL16-STR,8,2.91471746,88,2,1,15,2.5
Ethiopia,Low Nitrogen,Bako Low N,47,2,10,ECAVL1/ECAVL17,4,2.550539683,88,2,0.928571429,14,2
Ethiopia,Low Nitrogen,Bako Low N,48,2,10,ECAVL2-#,23,2.466780952,89,2,0.8,15,2
Ethiopia,Low Nitrogen,Bako Low N,49,2,10,ECAVL16-STR/ECAVL17,16,5.082730159,87,0,1.2,15,1.5
Ethiopia,Low Nitrogen,Bako Low N,50,2,10,ECAVL18-#,27,2.473386667,87,2,1.076923077,13,2
Ethiopia,Low Nitrogen,Bako Low N,51,2,11,ECAVL16/ECAVL16-STR,12,1.434497778,89,1,0.857142857,14,3
Ethiopia,Low Nitrogen,Bako Low N,52,2,11,ECAVL2/ECAVL16,7,1.335822222,89,2,0.916666667,12,2.5
Ethiopia,Low Nitrogen,Bako Low N,53,2,11,ECAVL1/ECAVL16,2,1.93176127,88,2,1,15,2.5
Ethiopia,Low Nitrogen,Bako Low N,54,2,11,ECAVL1/ECAVL16-STR,3,0.955238095,89,2,0.571428571,14,3.5
Ethiopia,Low Nitrogen,Bako Low N,55,2,11,ECAVL16-#,24,1.074702222,89,2,1.090909091,11,3
Ethiopia,Low Nitrogen,Bako Low N,56,2,12,ECAVL17-#,26,0.795146667,91,3,0.75,12,3
Ethiopia,Low Nitrogen,Bako Low N,57,2,12,ECAVL16-STR/NIP25,18,0.408431746,92,2,0.571428571,14,4
Ethiopia,Low Nitrogen,Bako Low N,58,2,12,ECAVL16/NIP25,15,0.727621587,90,1,0.533333333,15,3
Ethiopia,Low Nitrogen,Bako Low N,59,2,12,ECAVL1/ECAVL2,1,3.25584,90,1,1.066666667,15,2
Ethiopia,Low Nitrogen,Bako Low N,60,2,12,ECAVL2/ECAVL18,10,3.654514286,87,0,0.933333333,15,2
Ethiopia,Low Nitrogen,Bako Low N,61,3,13,ECAVL2/NIP25,11,2.677688889,82,2,0.866666667,15,2.5
Ethiopia,Low Nitrogen,Bako Low N,62,3,13,ECAVL1/ECAVL16,2,2.880954921,82,3,0.933333333,15,2
Ethiopia,Low Nitrogen,Bako Low N,63,3,13,NIP25-#,28,0.946711111,87,2,0.466666667,15,3
Ethiopia,Low Nitrogen,Bako Low N,64,3,13,ECAVL18-#,27,1.130742857,88,2,0.733333333,15,3
Ethiopia,Low Nitrogen,Bako Low N,65,3,13,ECAVL16/NIP25,15,0.944595556,84,3,0.733333333,15,3
Ethiopia,Low Nitrogen,Bako Low N,66,3,14,ECAVL1/ECAVL18,5,1.671504762,88,3,0.733333333,15,3
Ethiopia,Low Nitrogen,Bako Low N,67,3,14,ECAVL17/ECAVL18,19,2.131702857,89,2,1.266666667,15,2.5
Ethiopia,Low Nitrogen,Bako Low N,68,3,14,ECAVL16-STR-#,25,2.272840635,90,2,0.615384615,13,4
Ethiopia,Low Nitrogen,Bako Low N,69,3,14,ECAVL2/ECAVL18,10,1.025137778,89,2,0.666666667,15,3.5
Ethiopia,Low Nitrogen,Bako Low N,70,3,14,ECAVL16/ECAVL16-STR,12,1.921269841,85,2,0.928571429,14,3
Ethiopia,Low Nitrogen,Bako Low N,71,3,15,ECAVL16-STR/NIP25,18,2.266666667,89,2,0.933333333,15,2.5
Ethiopia,Low Nitrogen,Bako Low N,72,3,15,ECAVL17/NIP25,20,2.852222222,84,2,0.8,15,2
Ethiopia,Low Nitrogen,Bako Low N,73,3,15,ECAVL18/NIP25,21,2.716891429,87,2,0.933333333,15,2.5
Ethiopia,Low Nitrogen,Bako Low N,74,3,15,ECAVL16-STR/ECAVL17,16,2.608544762,88,2,0.933333333,15,2.5
Ethiopia,Low Nitrogen,Bako Low N,75,3,15,ECAVL2/ECAVL16,7,2.167257143,89,2,1,15,2.5
Ethiopia,Low Nitrogen,Bako Low N,76,3,16,ECAVL1/ECAVL2,1,1.280040635,88,2,0.6,15,2.5
Ethiopia,Low Nitrogen,Bako Low N,77,3,16,DH04,30,1.84519619,89,2,0.666666667,15,2.5
Ethiopia,Low Nitrogen,Bako Low N,78,3,16,CML202/CML395/CML312-RE,29,.,.,.,.,.,.
Ethiopia,Low Nitrogen,Bako Low N,79,3,16,ECAVL2-#,23,1.031765079,93,1,1,13,3
Ethiopia,Low Nitrogen,Bako Low N,80,3,16,ECAVL16/ECAVL17,13,1.217178413,88,2,0.8,15,3
Ethiopia,Low Nitrogen,Bako Low N,81,3,17,ECAVL2/ECAVL17,9,0.545899683,88,3,0.75,8,4
Ethiopia,Low Nitrogen,Bako Low N,82,3,17,ECAVL1/ECAVL17,4,1.420142222,87,2,1.142857143,7,2.5
Ethiopia,Low Nitrogen,Bako Low N,83,3,17,ECAVL16-#,24,0.655433651,84,3,1.125,8,3
Ethiopia,Low Nitrogen,Bako Low N,84,3,17,ECAVL1/NIP25,6,2.282209524,86,1,0.846153846,13,2
Ethiopia,Low Nitrogen,Bako Low N,85,3,17,ECAVL17-#,26,1.862034286,87,2,0.8,10,2
Ethiopia,Low Nitrogen,Bako Low N,86,3,18,ECAVL16-STR/ECAVL18,17,1.754659048,88,2,0.666666667,15,2.5
Ethiopia,Low Nitrogen,Bako Low N,87,3,18,ECAVL1/ECAVL16-STR,3,1.420142222,89,2,1,7,2.5
Ethiopia,Low Nitrogen,Bako Low N,88,3,18,ECAVL2/ECAVL16-STR,8,0.829859048,88,2,0.727272727,11,3
Ethiopia,Low Nitrogen,Bako Low N,89,3,18,ECAVL16/ECAVL18,14,1.270887619,88,3,0.857142857,14,3
Ethiopia,Low Nitrogen,Bako Low N,90,3,18,ECAVL1-#,22,0.622620952,92,2,0.571428571,14,3.5
Ethiopia,Optimal,Bako,1,1,1,ECAVL16-STR/NIP25,18,2.710674286,79,2,0.909090909,11,3
Ethiopia,Optimal,Bako,2,1,1,ECAVL2-#,23,3.675794286,79,2,1.307692308,13,3
Ethiopia,Optimal,Bako,3,1,1,ECAVL16/NIP25,15,3.565165714,76,0,1,14,3
Ethiopia,Optimal,Bako,4,1,1,ECAVL16-#,24,3.900099048,76,3,1.214285714,14,3
Ethiopia,Optimal,Bako,5,1,1,ECAVL16-STR/ECAVL17,16,4.129564444,76,3,1.214285714,14,3
Ethiopia,Optimal,Bako,6,1,2,ECAVL2/ECAVL18,10,5.952853333,76,3,1.235294118,17,3
Ethiopia,Optimal,Bako,7,1,2,PHB3253,30,6.281102222,79,2,0.9375,16,2
Ethiopia,Optimal,Bako,8,1,2,ECAVL17/ECAVL18,19,5.727085714,79,2,1.25,16,2.5
Ethiopia,Optimal,Bako,9,1,2,NIP25-#,28,4.248543492,76,3,1,17,3
Ethiopia,Optimal,Bako,10,1,2,ECAVL16-STR/ECAVL18,17,7.529650794,79,2,1.6875,16,3
Ethiopia,Optimal,Bako,11,1,3,ECAVL1/NIP25,6,5.436830476,76,3,1.117647059,17,3
Ethiopia,Optimal,Bako,12,1,3,ECAVL16/ECAVL18,14,7.365302857,76,3,1.8125,16,2.5
Ethiopia,Optimal,Bako,13,1,3,ECAVL1-#,22,4.55168,76,3,1.307692308,13,3
Ethiopia,Optimal,Bako,14,1,3,ECAVL16/ECAVL17,13,5.7216,79,4,1.235294118,17,3
Ethiopia,Optimal,Bako,15,1,3,ECAVL2/ECAVL16,7,7.811088254,77,2,0.647058824,17,2.5
Ethiopia,Optimal,Bako,16,1,4,CML202/CML395/CML312-RE,29,4.04215873,83,0,2.6,10,2.5
Ethiopia,Optimal,Bako,17,1,4,ECAVL17/NIP25,20,7.938438095,76,3,1.235294118,17,2.5
Ethiopia,Optimal,Bako,18,1,4,ECAVL1/ECAVL16-STR,3,7.3152,76,0,1.529411765,17,3
Ethiopia,Optimal,Bako,19,1,4,ECAVL16/ECAVL16-STR,12,4.851098413,76,3,1.3125,16,3
Ethiopia,Optimal,Bako,20,1,4,ECAVL2/ECAVL16-STR,8,5.533988571,83,3,1.294117647,17,3
Ethiopia,Optimal,Bako,21,1,5,ECAVL1/ECAVL17,4,6.392685714,83,3,1.117647059,17,2.5
Ethiopia,Optimal,Bako,22,1,5,ECAVL1/ECAVL18,5,7.469348571,74,2,1.588235294,17,2.5
Ethiopia,Optimal,Bako,23,1,5,ECAVL1/ECAVL2,1,5.394285714,76,3,1.235294118,17,3
Ethiopia,Optimal,Bako,24,1,5,ECAVL1/ECAVL16,2,6.942902857,79,2,1.3125,16,2.5
Ethiopia,Optimal,Bako,25,1,5,ECAVL17-#,26,5.538864762,83,0,1.235294118,17,3
Ethiopia,Optimal,Bako,26,1,6,ECAVL18-#,27,5.5936,79,2,1.4,15,3
Ethiopia,Optimal,Bako,27,1,6,ECAVL2/ECAVL17,9,7.938438095,79,0,1.5625,16,2.5
Ethiopia,Optimal,Bako,28,1,6,ECAVL16-STR-#,25,7.811088254,79,2,1.705882353,17,2.5
Ethiopia,Optimal,Bako,29,1,6,ECAVL18/NIP25,21,5.895253333,76,5,1.470588235,17,2.5
Ethiopia,Optimal,Bako,30,1,6,ECAVL2/NIP25,11,7.91527619,72,2,1.470588235,17,2.5
Ethiopia,Optimal,Bako,31,2,7,CML202/CML395/CML312-RE,29,3.380033016,83,0,1,10,3
Ethiopia,Optimal,Bako,32,2,7,ECAVL16-STR/ECAVL17,16,7.400187937,79,0,1.705882353,17,3
Ethiopia,Optimal,Bako,33,2,7,ECAVL2/ECAVL17,9,6.902430476,86,0,1.4375,16,3
Ethiopia,Optimal,Bako,34,2,7,ECAVL1/ECAVL17,4,6.742755556,81,2,1.294117647,17,2.5
Ethiopia,Optimal,Bako,35,2,7,ECAVL16/ECAVL18,14,7.571911111,76,3,1.625,16,2.5
Ethiopia,Optimal,Bako,36,2,8,ECAVL2/NIP25,11,7.188926984,79,0,1.470588235,17,3
Ethiopia,Optimal,Bako,37,2,8,ECAVL2-#,23,7.166537143,79,2,1.6875,16,3
Ethiopia,Optimal,Bako,38,2,8,ECAVL1/NIP25,6,6.165333333,81,2,1.25,16,3
Ethiopia,Optimal,Bako,39,2,8,ECAVL2/ECAVL16-STR,8,9.751324444,81,2,1.882352941,17,3
Ethiopia,Optimal,Bako,40,2,8,PHB3253,30,8.68352,81,2,1.2,15,1.5
Ethiopia,Optimal,Bako,41,2,9,ECAVL2/ECAVL16,7,6.479685079,76,3,1.5625,16,2.5
Ethiopia,Optimal,Bako,42,2,9,ECAVL1/ECAVL16-STR,3,7.440274286,76,3,1.529411765,17,3
Ethiopia,Optimal,Bako,43,2,9,ECAVL18/NIP25,21,7.278201905,76,0,1.733333333,15,2.5
Ethiopia,Optimal,Bako,44,2,9,NIP25-#,28,5.387804444,72,2,1.25,16,3
Ethiopia,Optimal,Bako,45,2,9,ECAVL1/ECAVL2,1,6.272812698,83,3,1.176470588,17,2.5
Ethiopia,Optimal,Bako,46,2,10,ECAVL2/ECAVL18,10,9.659977143,79,2,1.705882353,17,2.5
Ethiopia,Optimal,Bako,47,2,10,ECAVL16/ECAVL17,13,8.03088254,76,3,1.411764706,17,2.5
Ethiopia,Optimal,Bako,48,2,10,ECAVL16/NIP25,15,6.642468571,76,3,1.411764706,17,3
Ethiopia,Optimal,Bako,49,2,10,ECAVL1/ECAVL16,2,6.643809524,76,3,1.4375,16,2.5
Ethiopia,Optimal,Bako,50,2,10,ECAVL16/ECAVL16-STR,12,5.39288381,83,3,1.4,15,2.5
Ethiopia,Optimal,Bako,51,2,11,ECAVL16-STR-#,25,5.955555556,83,0,1.375,16,3
Ethiopia,Optimal,Bako,52,2,11,ECAVL17/NIP25,20,6.72,81,0,1.235294118,17,2.5
Ethiopia,Optimal,Bako,53,2,11,ECAVL16-STR/NIP25,18,5.853460317,81,0,1.3125,16,3
Ethiopia,Optimal,Bako,54,2,11,ECAVL16-STR/ECAVL18,17,6.545310476,79,0,1.375,16,3
Ethiopia,Optimal,Bako,55,2,11,ECAVL17-#,26,5.125851429,79,4,1.176470588,17,3
Ethiopia,Optimal,Bako,56,2,12,ECAVL17/ECAVL18,19,7.599299048,81,0,1.4375,16,2.5
Ethiopia,Optimal,Bako,57,2,12,ECAVL1-#,22,6.290285714,86,0,1.5,16,3
Ethiopia,Optimal,Bako,58,2,12,ECAVL1/ECAVL18,5,7.285028571,81,2,1.470588235,17,2.5
Ethiopia,Optimal,Bako,59,2,12,ECAVL18-#,27,6.037028571,81,2,1.470588235,17,3
Ethiopia,Optimal,Bako,60,2,12,ECAVL16-#,24,5.20192,74,3,1.4375,16,3
Ethiopia,Optimal,Bako,61,3,13,ECAVL17-#,26,4.652434286,81,2,1.1875,16,3
Ethiopia,Optimal,Bako,62,3,13,ECAVL2/ECAVL18,10,6.868134603,76,3,1.294117647,17,3
Ethiopia,Optimal,Bako,63,3,13,ECAVL2/ECAVL16-STR,8,8.019321905,76,3,1.588235294,17,3
Ethiopia,Optimal,Bako,64,3,13,ECAVL1-#,22,4.813409524,81,-2,1.25,16,3.5
Ethiopia,Optimal,Bako,65,3,13,ECAVL18/NIP25,21,6.089935238,79,4,1.411764706,17,3
Ethiopia,Optimal,Bako,66,3,14,PHB3253,30,7.748998095,76,3,1.235294118,17,2.5
Ethiopia,Optimal,Bako,67,3,14,ECAVL16-#,24,5.890031746,76,3,1.588235294,17,2.5
Ethiopia,Optimal,Bako,68,3,14,ECAVL2/ECAVL16,7,7.670979048,79,2,1.470588235,17,2.5
Ethiopia,Optimal,Bako,69,3,14,ECAVL2/ECAVL17,9,7.493648254,79,2,1.625,16,3
Ethiopia,Optimal,Bako,70,3,14,ECAVL1/ECAVL16,2,6.408594286,74,2,1.235294118,17,2.5
Ethiopia,Optimal,Bako,71,3,15,ECAVL1/ECAVL16-STR,3,6.603093333,81,0,1.125,16,3
Ethiopia,Optimal,Bako,72,3,15,ECAVL16-STR/ECAVL17,16,6.236444444,79,0,1.058823529,17,3
Ethiopia,Optimal,Bako,73,3,15,ECAVL17/ECAVL18,19,6.493460317,76,3,1.176470588,17,2.5
Ethiopia,Optimal,Bako,74,3,15,ECAVL1/NIP25,6,10.63789714,74,2,1.882352941,17,2.5
Ethiopia,Optimal,Bako,75,3,15,ECAVL16-STR-#,25,5.791451429,81,0,1.411764706,17,3
Ethiopia,Optimal,Bako,76,3,16,ECAVL2/NIP25,11,8.559299048,79,0,1.75,16,2.5
Ethiopia,Optimal,Bako,77,3,16,CML202/CML395/CML312-RE,29,3.385823492,83,0,1.428571429,7,2.5
Ethiopia,Optimal,Bako,78,3,16,ECAVL1/ECAVL2,1,8.82791619,76,0,1.4375,16,2
Ethiopia,Optimal,Bako,79,3,16,ECAVL16/NIP25,15,5.971484444,79,0,1.294117647,17,2.5
Ethiopia,Optimal,Bako,80,3,16,ECAVL16-STR/ECAVL18,17,7.45216,81,0,1.529411765,17,3
Ethiopia,Optimal,Bako,81,3,17,ECAVL2-#,23,5.319111111,81,0,1.470588235,17,3
Ethiopia,Optimal,Bako,82,3,17,ECAVL16/ECAVL17,13,6.436571429,76,3,0.588235294,17,2.5
Ethiopia,Optimal,Bako,83,3,17,ECAVL1/ECAVL17,4,7.140246349,79,2,1.411764706,17,3
Ethiopia,Optimal,Bako,84,3,17,ECAVL18-#,27,4.599182222,79,2,1.333333333,15,3
Ethiopia,Optimal,Bako,85,3,17,ECAVL17/NIP25,20,6.842920635,79,2,1.176470588,17,3
Ethiopia,Optimal,Bako,86,3,18,ECAVL16-STR/NIP25,18,8.173714286,76,3,1.411764706,17,2.5
Ethiopia,Optimal,Bako,87,3,18,ECAVL16/ECAVL18,14,6.530011429,81,2,1.235294118,17,2.5
Ethiopia,Optimal,Bako,88,3,18,ECAVL1/ECAVL18,5,7.49543619,79,0,1.352941176,17,2.5
Ethiopia,Optimal,Bako,89,3,18,NIP25-#,28,4.630755556,81,2,1.25,16,3
Ethiopia,Optimal,Bako,90,3,18,ECAVL16/ECAVL16-STR,12,7.598730159,79,0,1.470588235,17,2.5
Kenya,Low Nitrogen,Kakamega Low N,1,1,1,ECAVL16/ECAVL17,13,3.370046694,76,5,1.2,30,3.5
Kenya,Low Nitrogen,Kakamega Low N,2,1,1,ECAVL17-#,26,3.383961252,77,8,1,34,3.5
Kenya,Low Nitrogen,Kakamega Low N,3,1,1,ECAVL18/NIP25,21,5.013504,76,5,1.058823529,34,2
Kenya,Low Nitrogen,Kakamega Low N,4,1,1,ECAVL1/ECAVL18,5,4.392500245,76,5,1,36,2.5
Kenya,Low Nitrogen,Kakamega Low N,5,1,1,CML202/CML395/CML312-RE,29,2.665279274,81,4,1.1,20,3.5
Kenya,Low Nitrogen,Kakamega Low N,6,1,2,ECAVL17/ECAVL18,19,3.999004444,76,5,0.777777778,45,2.5
Kenya,Low Nitrogen,Kakamega Low N,7,1,2,ECAVL16/ECAVL16-STR,12,3.531573986,76,9,1,37,3
Kenya,Low Nitrogen,Kakamega Low N,8,1,2,ECAVL2/ECAVL17,9,5.03539229,77,4,1.121212121,33,2
Kenya,Low Nitrogen,Kakamega Low N,9,1,2,ECAVL16/NIP25,15,3.941076463,75,3,1.088235294,34,2.5
Kenya,Low Nitrogen,Kakamega Low N,10,1,2,ECAVL16-STR/ECAVL17,16,4.187393741,75,6,0.972972973,37,2
Kenya,Low Nitrogen,Kakamega Low N,11,1,3,ECAVL16-STR-#,25,4.249861224,79,2,1.15625,32,3
Kenya,Low Nitrogen,Kakamega Low N,12,1,3,NIP25-#,28,4.107814313,76,2,1.058823529,34,3
Kenya,Low Nitrogen,Kakamega Low N,13,1,3,ECAVL16-#,24,2.630542222,83,0,0.882352941,34,3.5
Kenya,Low Nitrogen,Kakamega Low N,14,1,3,ECAVL17/NIP25,20,4.262236299,84,-1,1.096774194,31,2.5
Kenya,Low Nitrogen,Kakamega Low N,15,1,3,DH01,30,3.647390476,90,2,0.878787879,33,3.5
Kenya,Low Nitrogen,Kakamega Low N,16,1,4,ECAVL1-#,22,3.855141732,76,5,1.09375,32,2.5
Kenya,Low Nitrogen,Kakamega Low N,17,1,4,ECAVL2-#,23,6.4052361,79,2,1.028571429,35,2
Kenya,Low Nitrogen,Kakamega Low N,18,1,4,ECAVL2/ECAVL16,7,4.831923955,77,4,1.185185185,27,3.5
Kenya,Low Nitrogen,Kakamega Low N,19,1,4,ECAVL1/ECAVL16-STR,3,5.655211828,76,2,1.114285714,35,3
Kenya,Low Nitrogen,Kakamega Low N,20,1,4,ECAVL16-STR/NIP25,18,6.330196172,75,3,1.117647059,34,2.5
Kenya,Low Nitrogen,Kakamega Low N,21,1,5,ECAVL18-#,27,4.602146249,76,2,1.290322581,31,3
Kenya,Low Nitrogen,Kakamega Low N,22,1,5,ECAVL1/ECAVL17,4,5.247505415,79,2,1.058823529,34,2.5
Kenya,Low Nitrogen,Kakamega Low N,23,1,5,ECAVL2/ECAVL18,10,5.691290993,76,5,1.166666667,30,2
Kenya,Low Nitrogen,Kakamega Low N,24,1,5,ECAVL1/ECAVL16,2,4.602501515,75,6,1.03125,32,2.5
Kenya,Low Nitrogen,Kakamega Low N,25,1,5,ECAVL1/ECAVL2,1,5.499526676,79,2,1.25,28,2
Kenya,Low Nitrogen,Kakamega Low N,26,1,6,ECAVL16/ECAVL18,14,4.36719746,75,6,1.458333333,24,2.5
Kenya,Low Nitrogen,Kakamega Low N,27,1,6,ECAVL2/NIP25,11,6.202340136,76,5,1.147058824,34,2
Kenya,Low Nitrogen,Kakamega Low N,28,1,6,ECAVL1/NIP25,6,4.588843537,75,12,1.28,25,2
Kenya,Low Nitrogen,Kakamega Low N,29,1,6,ECAVL2/ECAVL16-STR,8,5.973134803,79,0,1.117647059,34,2.5
Kenya,Low Nitrogen,Kakamega Low N,30,1,6,ECAVL16-STR/ECAVL18,17,5.243005388,79,2,1.121212121,33,2.5
Kenya,Low Nitrogen,Kakamega Low N,31,2,7,ECAVL16-STR/ECAVL17,16,3.6992,79,6,0.885714286,35,3.5
Kenya,Low Nitrogen,Kakamega Low N,32,2,7,ECAVL1/ECAVL16-STR,3,4.733515465,76,5,0.945945946,37,2.5
Kenya,Low Nitrogen,Kakamega Low N,33,2,7,ECAVL16/ECAVL18,14,4.080320726,76,5,1.03125,32,3
Kenya,Low Nitrogen,Kakamega Low N,34,2,7,ECAVL1/ECAVL16,2,3.082459429,75,6,0.970588235,34,3
Kenya,Low Nitrogen,Kakamega Low N,35,2,7,CML202/CML395/CML312-RE,29,1.517693388,85,5,0.928571429,14,3.5
Kenya,Low Nitrogen,Kakamega Low N,36,2,8,ECAVL2/ECAVL16,7,4.679041451,77,4,1,33,2
Kenya,Low Nitrogen,Kakamega Low N,37,2,8,ECAVL16-STR/ECAVL18,17,3.983945143,79,2,0.939393939,33,3
Kenya,Low Nitrogen,Kakamega Low N,38,2,8,ECAVL16/ECAVL17,13,3.372888816,76,4,0.891891892,37,3
Kenya,Low Nitrogen,Kakamega Low N,39,2,8,DH01,30,5.79666663,90,2,0.891891892,37,3
Kenya,Low Nitrogen,Kakamega Low N,40,2,8,ECAVL1/ECAVL2,1,5.434374966,79,2,1.057142857,35,2.5
Kenya,Low Nitrogen,Kakamega Low N,41,2,9,ECAVL2/ECAVL17,9,6.570829206,79,6,1.028571429,35,2.5
Kenya,Low Nitrogen,Kakamega Low N,42,2,9,ECAVL2/ECAVL16-STR,8,5.937272744,79,2,1.028571429,35,2.5
Kenya,Low Nitrogen,Kakamega Low N,43,2,9,NIP25-#,28,2.995833905,75,6,1.066666667,30,3.5
Kenya,Low Nitrogen,Kakamega Low N,44,2,9,ECAVL1/ECAVL17,4,3.452586667,79,2,1,33,3.5
Kenya,Low Nitrogen,Kakamega Low N,45,2,9,ECAVL18/NIP25,21,5.703192381,75,6,1.125,32,2.5
Kenya,Low Nitrogen,Kakamega Low N,46,2,10,ECAVL17-#,26,3.725035683,77,8,0.970588235,34,3
Kenya,Low Nitrogen,Kakamega Low N,47,2,10,ECAVL16/ECAVL16-STR,12,3.805601959,76,5,1.090909091,33,3
Kenya,Low Nitrogen,Kakamega Low N,48,2,10,ECAVL16-#,24,2.054144,76,5,0.857142857,35,3.5
Kenya,Low Nitrogen,Kakamega Low N,49,2,10,ECAVL2-#,23,4.336901224,77,4,0.911764706,34,2.5
Kenya,Low Nitrogen,Kakamega Low N,50,2,10,ECAVL18-#,27,2.959596844,79,2,1.193548387,31,3.5
Kenya,Low Nitrogen,Kakamega Low N,51,2,11,ECAVL16-STR/NIP25,18,4.192525351,76,5,1.088235294,34,2.5
Kenya,Low Nitrogen,Kakamega Low N,52,2,11,ECAVL1/NIP25,6,3.07582781,76,5,1.034482759,29,3.5
Kenya,Low Nitrogen,Kakamega Low N,53,2,11,ECAVL2/ECAVL18,10,5.008648707,76,5,1.090909091,33,2.5
Kenya,Low Nitrogen,Kakamega Low N,54,2,11,ECAVL16/NIP25,15,2.821082848,76,5,1.166666667,30,3
Kenya,Low Nitrogen,Kakamega Low N,55,2,11,ECAVL17/NIP25,20,3.954576544,76,5,0.944444444,36,3
Kenya,Low Nitrogen,Kakamega Low N,56,2,12,ECAVL1/ECAVL18,5,4.077340444,76,5,1,34,3
Kenya,Low Nitrogen,Kakamega Low N,57,2,12,ECAVL16-STR-#,25,3.238855111,81,4,1.029411765,34,3.5
Kenya,Low Nitrogen,Kakamega Low N,58,2,12,ECAVL17/ECAVL18,19,3.913602612,76,5,1.590909091,22,3
Kenya,Low Nitrogen,Kakamega Low N,59,2,12,ECAVL2/NIP25,11,3.920648707,76,5,1.161290323,31,3
Kenya,Low Nitrogen,Kakamega Low N,60,2,12,ECAVL1-#,22,2.514686259,81,5,1.28,25,4
Kenya,Low Nitrogen,Kakamega Low N,61,3,13,ECAVL1/ECAVL18,5,4.658712381,76,5,1.088235294,34,2.5
Kenya,Low Nitrogen,Kakamega Low N,62,3,13,ECAVL2-#,23,3.982050395,79,6,0.967741935,31,2.5
Kenya,Low Nitrogen,Kakamega Low N,63,3,13,NIP25-#,28,2.936445388,76,5,1.096774194,31,3
Kenya,Low Nitrogen,Kakamega Low N,64,3,13,ECAVL1/ECAVL16,2,2.309382385,76,5,1,30,3.5
Kenya,Low Nitrogen,Kakamega Low N,65,3,13,ECAVL16/NIP25,15,2.64380546,76,5,1.133333333,30,3
Kenya,Low Nitrogen,Kakamega Low N,66,3,14,ECAVL18/NIP25,21,4.808871184,76,5,1,33,2.5
Kenya,Low Nitrogen,Kakamega Low N,67,3,14,ECAVL1/NIP25,6,4.757101134,76,5,1.1875,32,2.5
Kenya,Low Nitrogen,Kakamega Low N,68,3,14,ECAVL17/ECAVL18,19,3.754167438,76,5,1.060606061,33,3
Kenya,Low Nitrogen,Kakamega Low N,69,3,14,ECAVL16-#,24,1.709852444,76,5,0.78125,32,3.5
Kenya,Low Nitrogen,Kakamega Low N,70,3,14,ECAVL2/ECAVL16,7,4.494027175,76,5,1.15625,32,2.5
Kenya,Low Nitrogen,Kakamega Low N,71,3,15,ECAVL16-STR/ECAVL17,16,4.348447347,76,2,1,34,3
Kenya,Low Nitrogen,Kakamega Low N,72,3,15,ECAVL16-STR/ECAVL18,17,3.573258449,76,5,1,34,3
Kenya,Low Nitrogen,Kakamega Low N,73,3,15,ECAVL1-#,22,3.035544671,79,2,0.885714286,35,3.5
Kenya,Low Nitrogen,Kakamega Low N,74,3,15,ECAVL17/NIP25,20,4.568988154,76,5,0.970588235,34,3
Kenya,Low Nitrogen,Kakamega Low N,75,3,15,ECAVL18-#,27,3.695153923,79,2,1.172413793,29,3.5
Kenya,Low Nitrogen,Kakamega Low N,76,3,16,ECAVL1/ECAVL2,1,4.501053533,81,0,1.259259259,27,2.5
Kenya,Low Nitrogen,Kakamega Low N,77,3,16,ECAVL17-#,26,3.333454367,79,6,0.90625,32,3
Kenya,Low Nitrogen,Kakamega Low N,78,3,16,ECAVL2/ECAVL17,9,4.198742494,79,2,0.939393939,33,2.5
Kenya,Low Nitrogen,Kakamega Low N,79,3,16,ECAVL16-STR/NIP25,18,2.86205678,76,5,0.818181818,33,3
Kenya,Low Nitrogen,Kakamega Low N,80,3,16,ECAVL16/ECAVL18,14,2.304073143,76,5,1,29,3
Kenya,Low Nitrogen,Kakamega Low N,81,3,17,ECAVL2/ECAVL16-STR,8,4.875009741,78,3,1.027027027,37,3
Kenya,Low Nitrogen,Kakamega Low N,82,3,17,ECAVL16-STR-#,25,2.364468245,76,9,0.875,32,4
Kenya,Low Nitrogen,Kakamega Low N,83,3,17,ECAVL2/ECAVL18,10,4.100353741,79,6,1.1,30,3
Kenya,Low Nitrogen,Kakamega Low N,84,3,17,ECAVL1/ECAVL16-STR,3,2.868116027,76,9,0.870967742,31,3.5
Kenya,Low Nitrogen,Kakamega Low N,85,3,17,ECAVL16/ECAVL17,13,2.758812735,81,4,0.96875,32,3.5
Kenya,Low Nitrogen,Kakamega Low N,86,3,18,ECAVL2/NIP25,11,3.638706213,76,9,0.84,25,3
Kenya,Low Nitrogen,Kakamega Low N,87,3,18,DH01,30,3.34344127,90,2,0.903225806,31,4
Kenya,Low Nitrogen,Kakamega Low N,88,3,18,ECAVL16/ECAVL16-STR,12,3.539527982,76,5,1.064516129,31,2.5
Kenya,Low Nitrogen,Kakamega Low N,89,3,18,CML202/CML395/CML312-RE,29,2.465383329,76,0,1.153846154,13,3
Kenya,Low Nitrogen,Kakamega Low N,90,3,18,ECAVL1/ECAVL17,4,4.448316372,76,5,0.972972973,37,3
Kenya,Drought,Kiboko,1,1,1,ECAVL1/NIP25,6,1.454019048,68,8,0.5,30,3
Kenya,Drought,Kiboko,2,1,1,ECAVL16/ECAVL16-STR,12,0.857632653,68,15,0.277777778,36,2.5
Kenya,Drought,Kiboko,3,1,1,ECAVL16-#,24,0.714612245,69,16,0.44,25,3
Kenya,Drought,Kiboko,4,1,1,ECAVL1/ECAVL17,4,1.756457143,70,6,0.428571429,35,2.5
Kenya,Drought,Kiboko,5,1,1,ECAVL18/NIP25,21,2.616239456,69,7,0.64516129,31,2
Kenya,Drought,Kiboko,6,1,2,ECAVL17-#,26,0.396961451,71,19,0.171428571,35,3.5
Kenya,Drought,Kiboko,7,1,2,CML202/CML395/CML312-RE,29,0.238176871,70,15,0.142857143,35,3.5
Kenya,Drought,Kiboko,8,1,2,ECAVL16-STR/NIP25,18,0.57162449,69,9,0.235294118,34,3
Kenya,Drought,Kiboko,9,1,2,ECAVL18-#,27,0.969581859,69,12,0.27027027,37,3
Kenya,Drought,Kiboko,10,1,2,ECAVL2/ECAVL17,9,1.582383673,69,14,0.27027027,37,3
Kenya,Drought,Kiboko,11,1,3,ECAVL1/ECAVL2,1,1.41495873,69,14,0.361111111,36,2.5
Kenya,Drought,Kiboko,12,1,3,ECAVL17/ECAVL18,19,2.36524263,69,9,0.485714286,35,2
Kenya,Drought,Kiboko,13,1,3,ECAVL2-#,23,1.849596372,71,10,0.351351351,37,2.5
Kenya,Drought,Kiboko,14,1,3,ECAVL1/ECAVL18,5,1.25525805,68,8,0.324324324,37,3
Kenya,Drought,Kiboko,15,1,3,ECAVL1/ECAVL16,2,0.666971429,66,19,0.235294118,34,3
Kenya,Drought,Kiboko,16,1,4,ECAVL1-#,22,1.175140136,70,7,0.351351351,37,3
Kenya,Drought,Kiboko,17,1,4,ECAVL16-STR/ECAVL18,17,1.178361905,71,11,0.272727273,33,3
Kenya,Drought,Kiboko,18,1,4,NIP25-#,28,1.374751927,70,7,0.323529412,34,3
Kenya,Drought,Kiboko,19,1,4,ECAVL1/ECAVL16-STR,3,1.474336508,69,7,0.361111111,36,3
Kenya,Drought,Kiboko,20,1,4,ECAVL16-STR/ECAVL17,16,1.572266667,68,8,0.294117647,34,2.5
Kenya,Drought,Kiboko,21,1,5,ECAVL16-STR-#,25,0.825679819,70,10,0.181818182,33,3
Kenya,Drought,Kiboko,22,1,5,ECAVL16/ECAVL17,13,0.619259864,68,22,0.138888889,36,3
Kenya,Drought,Kiboko,23,1,5,PHB3253,30,0.238176871,68,6,0.135135135,37,4
Kenya,Drought,Kiboko,24,1,5,ECAVL16/NIP25,15,0.746372789,68,10,0.216216216,37,3
Kenya,Drought,Kiboko,25,1,5,ECAVL2/ECAVL16-STR,8,0.984689342,71,19,0.243243243,37,3
Kenya,Drought,Kiboko,26,1,6,ECAVL2/ECAVL16,7,1.175945578,69,13,0.25,36,2.5
Kenya,Drought,Kiboko,27,1,6,ECAVL2/ECAVL18,10,1.676451701,68,8,0.289473684,38,2.5
Kenya,Drought,Kiboko,28,1,6,ECAVL2/NIP25,11,1.461777778,68,6,0.264705882,34,2.5
Kenya,Drought,Kiboko,29,1,6,ECAVL17/NIP25,20,0.921371429,70,12,0.257142857,35,3
Kenya,Drought,Kiboko,30,1,6,ECAVL16/ECAVL18,14,0.07939229,68,10,0.0625,32,4.5
Kenya,Drought,Kiboko,31,2,7,ECAVL1-#,22,0.603381406,69,7,0.303030303,33,3
Kenya,Drought,Kiboko,32,2,7,ECAVL16-STR/NIP25,18,0.682851701,69,10,0.263157895,38,3
Kenya,Drought,Kiboko,33,2,7,ECAVL17/NIP25,20,0.476353741,68,.,0.162162162,37,3
Kenya,Drought,Kiboko,34,2,7,ECAVL16/ECAVL16-STR,12,0.857436735,68,11,0.27027027,37,3
Kenya,Drought,Kiboko,35,2,7,ECAVL1/ECAVL2,1,1.522412698,68,15,0.421052632,38,2.5
Kenya,Drought,Kiboko,36,2,8,ECAVL18/NIP25,21,1.831573696,69,5,0.432432432,37,2.5
Kenya,Drought,Kiboko,37,2,8,ECAVL16/ECAVL18,14,1.328,69,16,0.363636364,33,2.5
Kenya,Drought,Kiboko,38,2,8,ECAVL16/ECAVL17,13,0.921055782,68,12,0.25,36,3
Kenya,Drought,Kiboko,39,2,8,ECAVL2-#,23,2.370751927,70,8,0.459459459,37,2.5
Kenya,Drought,Kiboko,40,2,8,ECAVL18-#,27,1.416780045,70,10,0.4,35,3
Kenya,Drought,Kiboko,41,2,9,ECAVL16-STR-#,25,1.325440363,70,12,0.25,36,3
Kenya,Drought,Kiboko,42,2,9,ECAVL2/ECAVL18,10,2.85316644,70,7,0.540540541,37,2
Kenya,Drought,Kiboko,43,2,9,ECAVL1/ECAVL18,5,2.960716553,68,2,0.621621622,37,2.5
Kenya,Drought,Kiboko,44,2,9,NIP25-#,28,0.4922322,68,.,0.2,35,3
Kenya,Drought,Kiboko,45,2,9,ECAVL1/ECAVL17,4,1.713690703,68,12,0.297297297,37,2.5
Kenya,Drought,Kiboko,46,2,10,ECAVL1/NIP25,6,1.560798186,66,3,0.473684211,38,2.5
Kenya,Drought,Kiboko,47,2,10,ECAVL17-#,26,0.95292517,69,21,0.194444444,36,3
Kenya,Drought,Kiboko,48,2,10,ECAVL1/ECAVL16,2,1.836821769,68,10,0.378378378,37,2.5
Kenya,Drought,Kiboko,49,2,10,ECAVL2/ECAVL16-STR,8,1.851918367,70,13,0.421052632,38,3
Kenya,Drought,Kiboko,50,2,10,ECAVL16-STR/ECAVL18,17,1.463822222,68,8,0.297297297,37,3
Kenya,Drought,Kiboko,51,2,11,ECAVL16/NIP25,15,2.219586395,67,9,0.583333333,36,2
Kenya,Drought,Kiboko,52,2,11,ECAVL2/NIP25,11,2.094889796,70,8,0.368421053,38,2.5
Kenya,Drought,Kiboko,53,2,11,ECAVL1/ECAVL16-STR,3,2.785219048,71,5,0.575757576,33,2
Kenya,Drought,Kiboko,54,2,11,CML202/CML395/CML312-RE,29,2.104016327,69,7,0.513513514,37,2
Kenya,Drought,Kiboko,55,2,11,ECAVL16-#,24,1.499907483,68,11,0.361111111,36,2
Kenya,Drought,Kiboko,56,2,12,ECAVL16-STR/ECAVL17,16,1.289240816,70,15,0.361111111,36,3
Kenya,Drought,Kiboko,57,2,12,ECAVL2/ECAVL17,9,1.723646259,70,9,0.405405405,37,2.5
Kenya,Drought,Kiboko,58,2,12,PHB3253,30,0.873414966,68,5,0.264705882,34,3.5
Kenya,Drought,Kiboko,59,2,12,ECAVL17/ECAVL18,19,1.611247166,68,12,0.297297297,37,2.5
Kenya,Drought,Kiboko,60,2,12,ECAVL2/ECAVL16,7,1.727216327,68,9,0.378378378,37,2.5
Kenya,Drought,Kiboko,61,3,13,ECAVL16-STR/NIP25,18,1.255401361,68,15,0.342857143,35,3
Kenya,Drought,Kiboko,62,3,13,ECAVL16-STR/ECAVL18,17,2.771504762,68,8,0.542857143,35,2
Kenya,Drought,Kiboko,63,3,13,ECAVL16/NIP25,15,1.759401361,68,10,0.324324324,37,3.5
Kenya,Drought,Kiboko,64,3,13,ECAVL1/ECAVL18,5,1.672380952,68,9,0.361111111,36,3
Kenya,Drought,Kiboko,65,3,13,ECAVL2/ECAVL16,7,1.365703401,68,12,0.314285714,35,3
Kenya,Drought,Kiboko,66,3,14,ECAVL17-#,26,0.634993197,70,15,0.216216216,37,3.5
Kenya,Drought,Kiboko,67,3,14,ECAVL16-STR-#,25,0.841462132,69,7,0.216216216,37,3
Kenya,Drought,Kiboko,68,3,14,ECAVL17/NIP25,20,1.773583673,68,10,0.305555556,36,2.5
Kenya,Drought,Kiboko,69,3,14,ECAVL2-#,23,2.596206803,70,6,0.513513514,37,2
Kenya,Drought,Kiboko,70,3,14,ECAVL16-#,24,1.270131519,67,10,0.394736842,38,3
Kenya,Drought,Kiboko,71,3,15,ECAVL1/NIP25,6,1.988273923,68,2,0.459459459,37,3
Kenya,Drought,Kiboko,72,3,15,ECAVL17/ECAVL18,19,1.620030839,68,7,0.486486486,37,3
Kenya,Drought,Kiboko,73,3,15,NIP25-#,28,1.352907029,68,2,0.454545455,33,3
Kenya,Drought,Kiboko,74,3,15,ECAVL16/ECAVL17,13,1.624228571,66,1,0.444444444,36,3
Kenya,Drought,Kiboko,75,3,15,ECAVL2/NIP25,11,1.159127438,68,5,0.314285714,35,3
Kenya,Drought,Kiboko,76,3,16,ECAVL1/ECAVL16,2,0.46031746,65,17,0.181818182,33,3.5
Kenya,Drought,Kiboko,77,3,16,ECAVL16/ECAVL18,14,0.857240816,67,15,0.257142857,35,3
Kenya,Drought,Kiboko,78,3,16,ECAVL1/ECAVL16-STR,3,1.127112925,69,7,0.382352941,34,3.5
Kenya,Drought,Kiboko,79,3,16,ECAVL16/ECAVL16-STR,12,1.381268027,68,13,0.411764706,34,3
Kenya,Drought,Kiboko,80,3,16,ECAVL2/ECAVL17,9,1.578612245,70,11,0.371428571,35,3
Kenya,Drought,Kiboko,81,3,17,ECAVL2/ECAVL18,10,2.402902494,68,6,0.571428571,35,2.5
Kenya,Drought,Kiboko,82,3,17,PHB3253,30,2.087635374,68,3,0.5,34,3
Kenya,Drought,Kiboko,83,3,17,ECAVL18/NIP25,21,2.217200907,67,4,0.527777778,36,3
Kenya,Drought,Kiboko,84,3,17,ECAVL1-#,22,1.318062585,68,10,0.441176471,34,3
Kenya,Drought,Kiboko,85,3,17,CML202/CML395/CML312-RE,29,2.28362449,69,8,0.4375,32,2.5
Kenya,Drought,Kiboko,86,3,18,ECAVL16-STR/ECAVL17,16,1.526770068,71,11,0.388888889,36,3
Kenya,Drought,Kiboko,87,3,18,ECAVL1/ECAVL17,4,1.270421769,69,14,0.333333333,33,3
Kenya,Drought,Kiboko,88,3,18,ECAVL1/ECAVL2,1,2.85686712,70,1,0.647058824,34,2
Kenya,Drought,Kiboko,89,3,18,ECAVL2/ECAVL16-STR,8,2.972504308,71,7,0.64516129,31,2
Kenya,Drought,Kiboko,90,3,18,ECAVL18-#,27,2.411493878,68,3,0.6875,32,2.5
Kenya,Optimal,Kakamega,1,1,1,ECAVL2/ECAVL18,10,8.487386848,73,0,1.243243243,37,2
Kenya,Optimal,Kakamega,2,1,1,ECAVL16/NIP25,15,6.869942857,72,0,1.485714286,35,3
Kenya,Optimal,Kakamega,3,1,1,ECAVL17-#,26,4.682001995,73,2,0.864864865,37,3.5
Kenya,Optimal,Kakamega,4,1,1,ECAVL1/ECAVL18,5,7.727612517,73,-1,0.888888889,36,2.5
Kenya,Optimal,Kakamega,5,1,1,ECAVL16/ECAVL18,14,6.808363537,73,0,1.342105263,38,2.5
Kenya,Optimal,Kakamega,6,1,2,ECAVL2/ECAVL17,9,8.963639728,75,0,1.184210526,38,2
Kenya,Optimal,Kakamega,7,1,2,ECAVL16-STR-#,25,6.523855238,77,-1,1.457142857,35,2.5
Kenya,Optimal,Kakamega,8,1,2,ECAVL1/ECAVL2,1,7.998008889,75,-2,1.184210526,38,2.5
Kenya,Optimal,Kakamega,9,1,2,ECAVL16-#,24,4.345141406,72,1,1.161290323,31,3
Kenya,Optimal,Kakamega,10,1,2,ECAVL16/ECAVL17,13,6.912673379,72,1,1.028571429,35,2
Kenya,Optimal,Kakamega,11,1,3,ECAVL17/ECAVL18,19,7.917531429,73,2,0.973684211,38,2
Kenya,Optimal,Kakamega,12,1,3,ECAVL2-#,23,6.607984036,76,0,1.294117647,34,3
Kenya,Optimal,Kakamega,13,1,3,ECAVL16/ECAVL16-STR,12,5.199455782,75,0,1.3,30,2.5
Kenya,Optimal,Kakamega,14,1,3,ECAVL16-STR/NIP25,18,4.796476372,73,0,1.259259259,27,3.5
Kenya,Optimal,Kakamega,15,1,3,ECAVL2/ECAVL16,7,5.969345306,75,0,1.058823529,34,2.5
Kenya,Optimal,Kakamega,16,1,4,ECAVL18/NIP25,21,5.905249524,75,0,1.333333333,27,2.5
Kenya,Optimal,Kakamega,17,1,4,ECAVL1/ECAVL17,4,6.754481633,75,0,1,34,2.5
Kenya,Optimal,Kakamega,18,1,4,ECAVL18-#,27,5.764376961,75,0,1,37,3.5
Kenya,Optimal,Kakamega,19,1,4,ECAVL2/NIP25,11,6.484924082,75,0,1.21875,32,3
Kenya,Optimal,Kakamega,20,1,4,DH01,30,6.663198186,79,0,1.054054054,37,2
Kenya,Optimal,Kakamega,21,1,5,ECAVL1-#,22,1.11657912,75,0,1.210526316,38,2.5
Kenya,Optimal,Kakamega,22,1,5,CML202/CML395/CML312-RE,29,5.072843175,76,0,1.904761905,21,2.5
Kenya,Optimal,Kakamega,23,1,5,ECAVL2/ECAVL16-STR,8,8.039012426,76,0,0.958333333,24,2
Kenya,Optimal,Kakamega,24,1,5,ECAVL1/ECAVL16-STR,3,6.213590204,75,-2,1.205882353,34,3
Kenya,Optimal,Kakamega,25,1,5,ECAVL16-STR/ECAVL17,16,7.942251973,75,0,1.108108108,37,2.5
Kenya,Optimal,Kakamega,26,1,6,ECAVL1/NIP25,6,7.222346304,73,0,1.105263158,38,3
Kenya,Optimal,Kakamega,27,1,6,NIP25-#,28,6.643461224,73,-1,1.323529412,34,3
Kenya,Optimal,Kakamega,28,1,6,ECAVL17/NIP25,20,9.266404717,72,0,1.222222222,36,2
Kenya,Optimal,Kakamega,29,1,6,ECAVL1/ECAVL16,2,5.049504218,73,-1,1.225806452,31,3
Kenya,Optimal,Kakamega,30,1,6,ECAVL16-STR/ECAVL18,17,7.944176327,75,-2,0.945945946,37,2.5
Kenya,Optimal,Kakamega,31,2,7,ECAVL16-STR-#,25,6.53313161,77,0,1.083333333,36,3
Kenya,Optimal,Kakamega,32,2,7,ECAVL1/NIP25,6,6.522276281,73,-1,0.918918919,37,3.5
Kenya,Optimal,Kakamega,33,2,7,ECAVL1/ECAVL18,5,8.476038095,72,0,1.055555556,36,2
Kenya,Optimal,Kakamega,34,2,7,ECAVL1/ECAVL16-STR,3,6.704843175,76,-1,1.027027027,37,3
Kenya,Optimal,Kakamega,35,2,7,ECAVL18/NIP25,21,8.688950567,75,0,1.305555556,36,2.5
Kenya,Optimal,Kakamega,36,2,8,ECAVL16-STR/NIP25,18,6.576355556,73,-1,1.085714286,35,2.5
Kenya,Optimal,Kakamega,37,2,8,DH01,30,8.230312925,79,0,0.90625,32,1.5
Kenya,Optimal,Kakamega,38,2,8,NIP25-#,28,4.837529252,73,-1,1.2,30,3.5
Kenya,Optimal,Kakamega,39,2,8,ECAVL17-#,26,6.063786667,75,0,1.0625,32,2
Kenya,Optimal,Kakamega,40,2,8,ECAVL16/ECAVL17,13,5.79082449,73,0,1.114285714,35,3
Kenya,Optimal,Kakamega,41,2,9,ECAVL16-STR/ECAVL17,16,7.095042902,76,-1,1.142857143,35,2
Kenya,Optimal,Kakamega,42,2,9,ECAVL18-#,27,6.353821315,75,0,1.285714286,35,2.5
Kenya,Optimal,Kakamega,43,2,9,ECAVL1/ECAVL16,2,5.129142857,73,0,1.142857143,35,3.5
Kenya,Optimal,Kakamega,44,2,9,ECAVL1/ECAVL2,1,8.163404626,75,-2,1.257142857,35,2
Kenya,Optimal,Kakamega,45,2,9,ECAVL2-#,23,7.945508571,77,0,1.228571429,35,2.5
Kenya,Optimal,Kakamega,46,2,10,ECAVL16-#,24,4.076373333,75,0,0.916666667,36,3.5
Kenya,Optimal,Kakamega,47,2,10,ECAVL16/NIP25,15,6.377209615,73,0,1.294117647,34,2.5
Kenya,Optimal,Kakamega,48,2,10,ECAVL17/ECAVL18,19,7.534486349,75,0,1.264705882,34,3.5
Kenya,Optimal,Kakamega,49,2,10,ECAVL2/ECAVL16-STR,8,8.666697143,77,-1,1.189189189,37,2
Kenya,Optimal,Kakamega,50,2,10,ECAVL16-STR/ECAVL18,17,8.877685261,75,-2,1.388888889,36,2.5
Kenya,Optimal,Kakamega,51,2,11,ECAVL1/ECAVL17,4,6.448065306,75,-2,0.947368421,38,3
Kenya,Optimal,Kakamega,52,2,11,CML202/CML395/CML312-RE,29,3.676995918,75,0,0.894736842,19,3
Kenya,Optimal,Kakamega,53,2,11,ECAVL2/ECAVL18,10,7.452281905,75,0,1.083333333,36,2
Kenya,Optimal,Kakamega,54,2,11,ECAVL2/ECAVL17,9,7.516525714,75,0,1.242424242,33,2.5
Kenya,Optimal,Kakamega,55,2,11,ECAVL16/ECAVL16-STR,12,4.873351837,73,0,0.914285714,35,3
Kenya,Optimal,Kakamega,56,2,12,ECAVL2/ECAVL16,7,6.79814966,73,0,1.138888889,36,3.5
Kenya,Optimal,Kakamega,57,2,12,ECAVL17/NIP25,20,8.161529615,73,0,1.055555556,36,1.5
Kenya,Optimal,Kakamega,58,2,12,ECAVL1-#,22,6.206435556,75,0,1.135135135,37,3
Kenya,Optimal,Kakamega,59,2,12,ECAVL2/NIP25,11,8.220444444,73,0,1.194444444,36,3
Kenya,Optimal,Kakamega,60,2,12,ECAVL16/ECAVL18,14,7.02951619,73,0,1.135135135,37,2.5
Kenya,Optimal,Kakamega,61,3,13,ECAVL2/ECAVL16,7,7.054680816,75,0,1.111111111,36,2
Kenya,Optimal,Kakamega,62,3,13,ECAVL16/NIP25,15,4.907102041,73,2,1,37,2.5
Kenya,Optimal,Kakamega,63,3,13,ECAVL1/ECAVL16,2,6.650566531,72,1,1.166666667,36,2
Kenya,Optimal,Kakamega,64,3,13,ECAVL2/ECAVL17,9,7.949653333,75,0,1.272727273,33,2.5
Kenya,Optimal,Kakamega,65,3,13,DH01,30,10.32795719,79,2,1.375,32,2.5
Kenya,Optimal,Kakamega,66,3,14,ECAVL18/NIP25,21,5.777798095,73,0,1.36,25,2.5
Kenya,Optimal,Kakamega,67,3,14,ECAVL1-#,22,4.859930703,75,0,1.1,30,3
Kenya,Optimal,Kakamega,68,3,14,ECAVL16-#,24,3.776618231,73,2,0.972222222,36,2.5
Kenya,Optimal,Kakamega,69,3,14,ECAVL17-#,26,5.287433288,73,2,1,33,2
Kenya,Optimal,Kakamega,70,3,14,ECAVL16/ECAVL16-STR,12,7.196046803,72,0,1.264705882,34,2
Kenya,Optimal,Kakamega,71,3,15,ECAVL16/ECAVL17,13,5.105951927,75,0,1.121212121,33,2.5
Kenya,Optimal,Kakamega,72,3,15,ECAVL2/NIP25,11,6.993545578,73,2,1.413793103,29,2
Kenya,Optimal,Kakamega,73,3,15,ECAVL17/ECAVL18,19,7.540506122,75,0,1.206896552,29,2
Kenya,Optimal,Kakamega,74,3,15,ECAVL1/NIP25,6,7.684240544,73,-1,1.111111111,36,2.5
Kenya,Optimal,Kakamega,75,3,15,ECAVL16-STR/ECAVL17,16,8.148009796,75,0,1.25,36,3
Kenya,Optimal,Kakamega,76,3,16,NIP25-#,28,4.064235102,73,2,1,34,3.5
Kenya,Optimal,Kakamega,77,3,16,ECAVL1/ECAVL16-STR,3,6.760698776,75,0,1.083333333,36,3.5
Kenya,Optimal,Kakamega,78,3,16,ECAVL1/ECAVL17,4,5.962289342,75,0,1.03125,32,3
Kenya,Optimal,Kakamega,79,3,16,ECAVL16/ECAVL18,14,7.043134694,73,3,1.257142857,35,2.5
Kenya,Optimal,Kakamega,80,3,16,ECAVL2-#,23,7.533943583,76,0,1.222222222,36,3
Kenya,Optimal,Kakamega,81,3,17,ECAVL16-STR/ECAVL18,17,8.33940898,75,-2,1.342857143,35,2
Kenya,Optimal,Kakamega,82,3,17,ECAVL1/ECAVL2,1,8.406070567,75,0,1.083333333,36,2
Kenya,Optimal,Kakamega,83,3,17,ECAVL16-STR/NIP25,18,7.442808163,73,2,1.257142857,35,2.5
Kenya,Optimal,Kakamega,84,3,17,CML202/CML395/CML312-RE,29,3.509034376,79,2,1.055555556,18,3
Kenya,Optimal,Kakamega,85,3,17,ECAVL1/ECAVL18,5,6.398130794,73,0,1.411764706,34,2.5
Kenya,Optimal,Kakamega,86,3,18,ECAVL16-STR-#,25,5.669540862,76,0,1.303030303,33,3
Kenya,Optimal,Kakamega,87,3,18,ECAVL2/ECAVL16-STR,8,8.58617034,75,0,1.189189189,37,2.5
Kenya,Optimal,Kakamega,88,3,18,ECAVL18-#,27,8.095558821,73,-1,1.378378378,37,2
Kenya,Optimal,Kakamega,89,3,18,ECAVL2/ECAVL18,10,8.281382313,75,0,1.277777778,36,2.5
Kenya,Optimal,Kakamega,90,3,18,ECAVL17/NIP25,20,6.760896145,73,2,0.833333333,36,2.5
Kenya,Drought,Bumula,1,1,1,ECAVL16/ECAVL16-STR,12,2.831963719,67,2,1,34,3
Kenya,Drought,Bumula,2,1,1,ECAVL18-#,27,3.214512472,72,1,1,35,2
Kenya,Drought,Bumula,3,1,1,NIP25-#,28,2.568707483,69,2,0.9,40,2
Kenya,Drought,Bumula,4,1,1,CML202/CML395/CML312-RE,29,2.440272109,66,2,0.6,30,2
Kenya,Drought,Bumula,5,1,1,ECAVL18/NIP25,21,4.757478458,69,3,1.05,40,2
Kenya,Drought,Bumula,6,1,2,ECAVL2/ECAVL18,10,5.812244898,68,2,1.266666667,30,2
Kenya,Drought,Bumula,7,1,2,ECAVL2/ECAVL16,7,3.874829932,68,3,0.925,40,2.5
Kenya,Drought,Bumula,8,1,2,ECAVL16-STR/NIP25,18,2.586122449,70,3,0.8,35,2
Kenya,Drought,Bumula,9,1,2,ECAVL17/ECAVL18,19,4.406276644,69,2,0.9375,32,2.5
Kenya,Drought,Bumula,10,1,2,ECAVL1/ECAVL16,2,2.844734694,69,0,0.933333333,30,2
Kenya,Drought,Bumula,11,1,3,ECAVL1/ECAVL18,5,2.835156463,69,1,1.035714286,28,2
Kenya,Drought,Bumula,12,1,3,ECAVL2/ECAVL16-STR,8,3.707791383,70,0,0.96875,32,2
Kenya,Drought,Bumula,13,1,3,ECAVL16-#,24,2.742857143,68,4,0.914285714,35,2
Kenya,Drought,Bumula,14,1,3,ECAVL16-STR-#,25,3.210884354,69,0,0.971428571,35,2
Kenya,Drought,Bumula,15,1,3,ECAVL17/NIP25,20,4.366802721,70,1,1,40,1.5
Kenya,Drought,Bumula,16,1,4,ECAVL1/NIP25,6,4.571428571,69,3,1,40,1.5
Kenya,Drought,Bumula,17,1,4,ECAVL1/ECAVL16-STR,3,3.616507937,70,1,1.05,40,2
Kenya,Drought,Bumula,18,1,4,ECAVL17-#,26,3.487346939,70,2,0.9,40,2
Kenya,Drought,Bumula,19,1,4,Local,30,3.361959184,67,5,1.075,40,2
Kenya,Drought,Bumula,20,1,4,ECAVL16-STR/ECAVL17,16,3.905306122,70,-1,0.789473684,38,2
Kenya,Drought,Bumula,21,1,5,ECAVL16/NIP25,15,2.591927438,68,4,0.875,40,2
Kenya,Drought,Bumula,22,1,5,ECAVL2/ECAVL17,9,2.974040816,70,0,0.921052632,38,3
Kenya,Drought,Bumula,23,1,5,ECAVL1/ECAVL17,4,3.358185941,71,0,1.05,40,2
Kenya,Drought,Bumula,24,1,5,ECAVL16/ECAVL18,14,3.380825397,73,0,0.975,40,2
Kenya,Drought,Bumula,25,1,5,ECAVL1-#,22,3.239909297,68,7,0.9,40,2
Kenya,Drought,Bumula,26,1,6,ECAVL2/NIP25,11,3.762503401,70,1,1.05,40,2
Kenya,Drought,Bumula,27,1,6,ECAVL16-STR/ECAVL18,17,3.120761905,72,0,0.914285714,35,2
Kenya,Drought,Bumula,28,1,6,ECAVL16/ECAVL17,13,2.583219955,67,6,0.933333333,30,2
Kenya,Drought,Bumula,29,1,6,ECAVL2-#,23,3.265306122,70,-1,0.925,40,2
Kenya,Drought,Bumula,30,1,6,ECAVL1/ECAVL2,1,1.928707483,73,-1,0.818181818,33,3
Kenya,Drought,Bumula,31,2,7,ECAVL1/ECAVL16-STR,3,2.448544218,73,1,0.84,25,2
Kenya,Drought,Bumula,32,2,7,ECAVL2/ECAVL16-STR,8,2.697142857,72,2,0.772727273,22,1.5
Kenya,Drought,Bumula,33,2,7,ECAVL1/ECAVL16,2,2.568707483,70,2,0.916666667,24,1.5
Kenya,Drought,Bumula,34,2,7,ECAVL16-STR/ECAVL18,17,2.712380952,70,1,0.84375,32,1.5
Kenya,Drought,Bumula,35,2,7,ECAVL1/ECAVL17,4,2.997405896,69,3,0.709677419,31,2
Kenya,Drought,Bumula,36,2,8,ECAVL16-STR/ECAVL17,16,3.120761905,70,2,1,27,2
Kenya,Drought,Bumula,37,2,8,ECAVL18/NIP25,21,3.857414966,68,2,0.885714286,35,2
Kenya,Drought,Bumula,38,2,8,ECAVL1/ECAVL18,5,3.361959184,69,2,0.933333333,30,2
Kenya,Drought,Bumula,39,2,8,ECAVL16/ECAVL17,13,3.728834467,70,2,0.825,40,1.5
Kenya,Drought,Bumula,40,2,8,ECAVL2/ECAVL17,9,5.031619048,69,2,1.025,40,2
Kenya,Drought,Bumula,41,2,9,NIP25-#,28,3.653079365,68,2,1.025,40,2
Kenya,Drought,Bumula,42,2,9,ECAVL16/ECAVL18,14,3.099863946,68,2,1.1,40,2
Kenya,Drought,Bumula,43,2,9,ECAVL2/ECAVL16,7,4.119219955,70,2,0.9,40,1.5
Kenya,Drought,Bumula,44,2,9,ECAVL1/ECAVL2,1,4.832653061,70,1,0.975,40,1.5
Kenya,Drought,Bumula,45,2,9,Local,30,2.306612245,68,1,1,13,2
Kenya,Drought,Bumula,46,2,10,ECAVL2-#,23,3.243537415,70,2,0.95,40,2
Kenya,Drought,Bumula,47,2,10,ECAVL1/NIP25,6,2.954013605,68,2,0.9,30,2
Kenya,Drought,Bumula,48,2,10,ECAVL2/ECAVL18,10,3.312907029,70,1,0.875,40,2
Kenya,Drought,Bumula,49,2,10,ECAVL17/NIP25,20,2.415455782,67,3,0.84,25,2
Kenya,Drought,Bumula,50,2,10,CML202/CML395/CML312-RE,29,1.406403628,70,-1,0.4,20,2
Kenya,Drought,Bumula,51,2,11,ECAVL2/NIP25,11,2.440272109,67,1,1.15,20,2
Kenya,Drought,Bumula,52,2,11,ECAVL16/NIP25,15,2.612244898,67,1,0.775,40,2
Kenya,Drought,Bumula,53,2,11,ECAVL16/ECAVL16-STR,12,3.232653061,66,3,0.885714286,35,2
Kenya,Drought,Bumula,54,2,11,ECAVL16-#,24,3.265306122,67,3,0.871794872,39,2
Kenya,Drought,Bumula,55,2,11,ECAVL17/ECAVL18,19,1.928707483,70,2,0.85,20,2.5
Kenya,Drought,Bumula,56,2,12,ECAVL1-#,22,2.58031746,69,2,0.971428571,35,2
Kenya,Drought,Bumula,57,2,12,ECAVL18-#,27,1.680979592,71,1,0.9375,16,2
Kenya,Drought,Bumula,58,2,12,ECAVL16-STR/NIP25,18,2.351020408,70,1,0.766666667,30,1.5
Kenya,Drought,Bumula,59,2,12,ECAVL17-#,26,2.066575964,73,2,1.035714286,28,2
Kenya,Drought,Bumula,60,2,12,ECAVL16-STR-#,25,2.694095238,73,0,0.9,40,2
Kenya,Drought,Bumula,61,3,13,ECAVL16/ECAVL17,13,1.917823129,71,2,0.428571429,35,2
Kenya,Drought,Bumula,62,3,13,ECAVL18-#,27,1.282902494,73,1,0.428571429,35,2
Kenya,Drought,Bumula,63,3,13,ECAVL17/NIP25,20,1.679092971,71,1,0.375,32,2
Kenya,Drought,Bumula,64,3,13,ECAVL1/ECAVL16,2,1.924353741,70,2,0.615384615,26,2
Kenya,Drought,Bumula,65,3,13,ECAVL16/NIP25,15,0.64,73,2,0.5,30,2
Kenya,Drought,Bumula,66,3,14,Local,30,1.159836735,71,2,0.09375,32,2
Kenya,Drought,Bumula,67,3,14,ECAVL17/ECAVL18,19,1.417578231,72,1,0.212121212,33,2
Kenya,Drought,Bumula,68,3,14,ECAVL1-#,22,3.395918367,73,1,0.911764706,34,2
Kenya,Drought,Bumula,69,3,14,ECAVL1/ECAVL18,5,2.583219955,72,-1,1,28,2
Kenya,Drought,Bumula,70,3,14,ECAVL16-STR/ECAVL18,17,3.358185941,70,0,2.461538462,13,2
Kenya,Drought,Bumula,71,3,15,ECAVL2/ECAVL16-STR,8,3.229024943,71,1,1,30,2
Kenya,Drought,Bumula,72,3,15,ECAVL2/NIP25,11,2.185868481,71,2,1,28,2
Kenya,Drought,Bumula,73,3,15,ECAVL16/ECAVL18,14,1.044897959,72,1,0.942857143,35,2
Kenya,Drought,Bumula,74,3,15,ECAVL16-STR/ECAVL17,16,0.257451247,73,1,1,30,2
Kenya,Drought,Bumula,75,3,15,CML202/CML395/CML312-RE,29,0.257160998,74,1,0.25,20,3
Kenya,Drought,Bumula,76,3,16,ECAVL1/ECAVL17,4,1.928707483,73,0,1,26,2
Kenya,Drought,Bumula,77,3,16,ECAVL16-STR-#,25,1.419174603,73,1,1,30,2
Kenya,Drought,Bumula,78,3,16,ECAVL2/ECAVL16,7,3.358185941,66,3,0.866666667,30,1.5
Kenya,Drought,Bumula,79,3,16,ECAVL16/ECAVL16-STR,12,1.675319728,67,0,1.041666667,24,2
Kenya,Drought,Bumula,80,3,16,ECAVL1/NIP25,6,1.954829932,67,1,1,22,2
Kenya,Drought,Bumula,81,3,17,ECAVL16-#,24,2.612244898,67,2,0.9375,32,1.5
Kenya,Drought,Bumula,82,3,17,ECAVL17-#,26,1.539482993,72,1,0.933333333,30,3
Kenya,Drought,Bumula,83,3,17,ECAVL18/NIP25,21,1.542965986,67,1,0.825,40,1.5
Kenya,Drought,Bumula,84,3,17,ECAVL1/ECAVL2,1,3.236281179,67,1,0.961538462,26,2
Kenya,Drought,Bumula,85,3,17,ECAVL2/ECAVL18,10,4.026485261,71,2,1.033333333,30,1.5
Kenya,Drought,Bumula,86,3,18,NIP25-#,28,2.712380952,67,1,0.793103448,29,1.5
Kenya,Drought,Bumula,87,3,18,ECAVL1/ECAVL16-STR,3,3.733043084,67,1,0.885714286,35,2
Kenya,Drought,Bumula,88,3,18,ECAVL2/ECAVL17,9,3.592126984,67,0,0.909090909,33,2
Kenya,Drought,Bumula,89,3,18,ECAVL2-#,23,3.518693878,72,1,0.96,25,2.5
Kenya,Drought,Bumula,90,3,18,ECAVL16-STR/NIP25,18,3.392145125,67,1,0.975,40,2.5
Kenya,Drought,Busia,1,1,1,ECAVL16/ECAVL18,14,3.020770975,65,2,1,40,1.5
Kenya,Drought,Busia,2,1,1,ECAVL16-#,24,1.94829932,64,2,0.789473684,38,1.5
Kenya,Drought,Busia,3,1,1,ECAVL17-#,26,2.356244898,65,2,0.8,40,1.5
Kenya,Drought,Busia,4,1,1,ECAVL2/ECAVL18,10,3.749877551,66,2,1.057142857,35,1
Kenya,Drought,Busia,5,1,1,ECAVL16-STR-#,25,2.456816327,66,4,0.823529412,34,2
Kenya,Drought,Busia,6,1,2,ECAVL2/NIP25,11,2.337959184,68,3,0.714285714,42,1.5
Kenya,Drought,Busia,7,1,2,ECAVL16/NIP25,15,1.307573696,68,2,1.111111111,27,1
Kenya,Drought,Busia,8,1,2,ECAVL16-STR/NIP25,18,1.567346939,69,3,0.851851852,27,1
Kenya,Drought,Busia,9,1,2,ECAVL16/ECAVL17,13,1.303219955,66,2,0.75,40,1.5
Kenya,Drought,Busia,10,1,2,ECAVL16-STR/ECAVL17,16,1.420770975,67,3,0.6,30,1.5
Kenya,Drought,Busia,11,1,3,ECAVL18-#,27,1.682866213,69,2,1,40,1
Kenya,Drought,Busia,12,1,3,ECAVL1/ECAVL17,4,1.046058957,69,2,0.9,30,1.5
Kenya,Drought,Busia,13,1,3,ECAVL1/ECAVL16-STR,3,1.436734694,71,2,0.84375,32,1.56
Kenya,Drought,Busia,14,1,3,ECAVL16/ECAVL16-STR,12,1.82247619,68,2,0.948717949,39,1
Kenya,Drought,Busia,15,1,3,ECAVL1-#,22,1.179428571,67,3,0.933333333,30,1.5
Kenya,Drought,Busia,16,1,4,ECAVL2-#,23,1.43354195,68,3,0.958333333,24,1.5
Kenya,Drought,Busia,17,1,4,ECAVL1/ECAVL18,5,2.335346939,70,3,0.833333333,36,1.5
Kenya,Drought,Busia,18,1,4,ECAVL18/NIP25,21,2.213006803,67,2,0.705882353,34,2
Kenya,Drought,Busia,19,1,4,DH04,30,3.229024943,68,2,0.72972973,37,2
Kenya,Drought,Busia,20,1,4,ECAVL1/ECAVL16,2,2.454058957,66,3,0.705882353,34,1.5
Kenya,Drought,Busia,21,1,5,ECAVL1/NIP25,6,2.742857143,64,3,0.731707317,41,1.5
Kenya,Drought,Busia,22,1,5,ECAVL16-STR/ECAVL18,17,1.814349206,62,3,0.714285714,35,1.5
Kenya,Drought,Busia,23,1,5,NIP25-#,28,1.44152381,69,3,0.84375,32,1.5
Kenya,Drought,Busia,24,1,5,ECAVL2/ECAVL16-STR,8,2.489904762,68,3,0.909090909,44,1
Kenya,Drought,Busia,25,1,5,ECAVL1/ECAVL2,1,2.337959184,69,2,0.575,40,1
Kenya,Drought,Busia,26,1,6,CML202/CML395/CML312-RE,29,1.175510204,70,2,0.657142857,35,0.5
Kenya,Drought,Busia,27,1,6,ECAVL2/ECAVL16,7,1.808253968,69,3,0.833333333,36,1.5
Kenya,Drought,Busia,28,1,6,ECAVL17/ECAVL18,19,1.31047619,68,2,0.611111111,36,1.5
Kenya,Drought,Busia,29,1,6,ECAVL17/NIP25,20,0.785414966,69,4,0.742857143,35,1.5
Kenya,Drought,Busia,30,1,6,ECAVL2/ECAVL17,9,1.170285714,71,2,0.64516129,31,2
Kenya,Drought,Busia,31,2,7,ECAVL18-#,27,1.174204082,71,3,0.628571429,35,1.5
Kenya,Drought,Busia,32,2,7,CML202/CML395/CML312-RE,29,0.647981859,71,3,0.740740741,27,1.5
Kenya,Drought,Busia,33,2,7,ECAVL16-STR/ECAVL17,16,1.701732426,70,3,0.577777778,45,1.5
Kenya,Drought,Busia,34,2,7,ECAVL16-STR/ECAVL18,17,1.44152381,70,2,0.756097561,41,1.5
Kenya,Drought,Busia,35,2,7,ECAVL1/ECAVL18,5,1.694185941,69,3,0.702702703,37,2
Kenya,Drought,Busia,36,2,8,ECAVL2/ECAVL16,7,2.462331066,67,3,0.485714286,35,1.5
Kenya,Drought,Busia,37,2,8,ECAVL2/ECAVL18,10,2.586122449,69,3,0.761904762,42,2
Kenya,Drought,Busia,38,2,8,DH04,30,1.427156463,66,3,0.896551724,29,2
Kenya,Drought,Busia,39,2,8,NIP25-#,28,2.609342404,65,2,0.43902439,41,2
Kenya,Drought,Busia,40,2,8,ECAVL1/ECAVL17,4,2.591927438,66,3,0.634146341,41,2
Kenya,Drought,Busia,41,2,9,ECAVL1/ECAVL16-STR,3,2.193269841,67,3,0.694444444,36,2
Kenya,Drought,Busia,42,2,9,ECAVL16-#,24,1.443120181,68,3,0.96,25,1.5
Kenya,Drought,Busia,43,2,9,ECAVL2/NIP25,11,2.351020408,68,3,1,36,2
Kenya,Drought,Busia,44,2,9,ECAVL2/ECAVL16-STR,8,2.591927438,67,3,0.951219512,41,2.5
Kenya,Drought,Busia,45,2,9,ECAVL17/NIP25,20,1.937414966,67,3,1,36,2.5
Kenya,Drought,Busia,46,2,10,ECAVL1/ECAVL16,2,1.303219955,68,3,1,25,2
Kenya,Drought,Busia,47,2,10,ECAVL16/ECAVL18,14,1.703619048,68,3,0.761904762,42,3.5
Kenya,Drought,Busia,48,2,10,ECAVL16/NIP25,15,2.089795918,68,3,0.810810811,37,2
Kenya,Drought,Busia,49,2,10,ECAVL1/NIP25,6,1.959183673,69,3,0.80952381,42,2
Kenya,Drought,Busia,50,2,10,ECAVL16/ECAVL16-STR,12,2.213006803,70,3,0.939393939,33,2.5
Kenya,Drought,Busia,51,2,11,ECAVL18/NIP25,21,2.080507937,68,2,1,39,3
Kenya,Drought,Busia,52,2,11,ECAVL16/ECAVL17,13,1.959183673,67,3,0.857142857,42,3
Kenya,Drought,Busia,53,2,11,ECAVL1-#,22,1.679092971,69,3,0.657894737,38,3.5
Kenya,Drought,Busia,54,2,11,ECAVL17/ECAVL18,19,1.963537415,67,3,0.769230769,39,2.5
Kenya,Drought,Busia,55,2,11,ECAVL16-STR-#,25,1.828571429,69,2,0.710526316,38,2.5
Kenya,Drought,Busia,56,2,12,ECAVL17-#,26,1.828571429,67,2,0.818181818,33,3
Kenya,Drought,Busia,57,2,12,ECAVL2-#,23,2.089795918,66,2,0.863636364,44,2.5
Kenya,Drought,Busia,58,2,12,ECAVL1/ECAVL2,1,1.291609977,67,3,0.658536585,41,3.5
Kenya,Drought,Busia,59,2,12,ECAVL2/ECAVL17,9,1.309024943,67,3,0.647058824,34,3.5
Kenya,Drought,Busia,60,2,12,ECAVL16-STR/NIP25,18,2.353632653,65,3,1.066666667,30,1.5
Kenya,Drought,Busia,61,3,13,ECAVL2/ECAVL16,7,2.230276644,69,3,0.742857143,35,1.5
Kenya,Drought,Busia,62,3,13,ECAVL2-#,23,2.071219955,71,3,0.588235294,34,2.1
Kenya,Drought,Busia,63,3,13,ECAVL16-STR/ECAVL18,17,2.054965986,71,3,0.794871795,39,2
Kenya,Drought,Busia,64,3,13,ECAVL16/ECAVL16-STR,12,2.075863946,70,3,0.780487805,41,2
Kenya,Drought,Busia,65,3,13,ECAVL16-#,24,0.785414966,72,3,0.565217391,46,3.5
Kenya,Drought,Busia,66,3,14,ECAVL17/NIP25,20,1.928707483,70,3,0.675,40,3
Kenya,Drought,Busia,67,3,14,ECAVL16/ECAVL17,13,1.427156463,68,3,0.735294118,34,2.5
Kenya,Drought,Busia,68,3,14,ECAVL1/ECAVL2,1,1.293061224,70,3,0.5,34,3
Kenya,Drought,Busia,69,3,14,DH04,30,1.816380952,67,4,0.666666667,33,3
Kenya,Drought,Busia,70,3,14,ECAVL18-#,27,1.688526077,70,3,0.805555556,36,2
Kenya,Drought,Busia,71,3,15,ECAVL2/NIP25,11,2.057287982,67,3,0.962962963,27,2
Kenya,Drought,Busia,72,3,15,NIP25-#,28,1.30031746,68,3,0.964285714,28,2.5
Kenya,Drought,Busia,73,3,15,ECAVL1/ECAVL16,2,1.298866213,69,3,0.96,25,3
Kenya,Drought,Busia,74,3,15,ECAVL1-#,22,1.569088435,70,3,0.851851852,27,3
Kenya,Drought,Busia,75,3,15,ECAVL17-#,26,1.818412698,70,3,0.964285714,28,4
Kenya,Drought,Busia,76,3,16,ECAVL18/NIP25,21,1.039092971,67,3,1.111111111,27,3
Kenya,Drought,Busia,77,3,16,ECAVL16-STR/NIP25,18,1.050702948,68,4,0.857142857,28,3
Kenya,Drought,Busia,78,3,16,ECAVL1/NIP25,6,0.656689342,68,3,1.04,25,3.5
Kenya,Drought,Busia,79,3,16,CML202/CML395/CML312-RE,29,0.780190476,70,3,1,37,4
Kenya,Drought,Busia,80,3,16,ECAVL2/ECAVL18,10,0.521287982,69,3,0.324324324,37,2.5
Kenya,Drought,Busia,81,3,17,ECAVL17/ECAVL18,19,1.430349206,67,3,0.514285714,35,2
Kenya,Drought,Busia,82,3,17,ECAVL16/ECAVL18,14,0.653786848,69,3,0.451612903,31,3
Kenya,Drought,Busia,83,3,17,ECAVL1/ECAVL17,4,1.828571429,70,3,0.578947368,38,2
Kenya,Drought,Busia,84,3,17,ECAVL16-STR/ECAVL17,16,1.838730159,71,3,0.75862069,29,2
Kenya,Drought,Busia,85,3,17,ECAVL2/ECAVL16-STR,8,3.210884354,70,3,0.697674419,43,1.5
Kenya,Drought,Busia,86,3,18,ECAVL1/ECAVL18,5,2.332734694,72,2,0.823529412,34,2
Kenya,Drought,Busia,87,3,18,ECAVL16/NIP25,15,1.832634921,68,3,0.568181818,44,2.5
Kenya,Drought,Busia,88,3,18,ECAVL1/ECAVL16-STR,3,1.679092971,69,3,0.4,45,3.5
Kenya,Drought,Busia,89,3,18,ECAVL2/ECAVL17,9,1.943945578,67,3,0.622222222,45,2.5
Kenya,Drought,Busia,90,3,18,ECAVL16-STR-#,25,1.30031746,69,3,0.525,40,3
Kenya,Drought,Elgon,1,1,1,ECAVL18-#,27,2.412698413,87,4,1.076923077,26,2.5
Kenya,Drought,Elgon,2,1,1,ECAVL16/ECAVL17,13,2.666666667,84,8,0.914285714,35,2
Kenya,Drought,Elgon,3,1,1,ECAVL16-STR-#,25,2.412698413,91,4,0.555555556,36,2
Kenya,Drought,Elgon,4,1,1,NIP25-#,28,2.17353288,88,3,0.666666667,30,2.5
Kenya,Drought,Elgon,5,1,1,CML202/CML395/CML312-RE,29,1.523809524,89,2,0.857142857,35,2.5
Kenya,Drought,Elgon,6,1,2,ECAVL2/ECAVL17,9,3.06155102,90,4,0.939393939,33,2
Kenya,Drought,Elgon,7,1,2,ECAVL1/ECAVL2,1,2.822385488,87,3,0.789473684,38,3
Kenya,Drought,Elgon,8,1,2,ECAVL16-STR/ECAVL17,16,2.84154195,91,2,0.866666667,30,2.5
Kenya,Drought,Elgon,9,1,2,ECAVL2-#,23,3.037170068,90,3,1.035714286,28,2
Kenya,Drought,Elgon,10,1,2,ECAVL18/NIP25,21,1.017034014,87,3,0.882352941,34,3
Kenya,Drought,Elgon,11,1,3,ECAVL16/ECAVL16-STR,12,0.638548753,87,4,0.75,32,4
Kenya,Drought,Elgon,12,1,3,ECAVL2/ECAVL16-STR,8,0.643628118,91,3,0.827586207,29,4
Kenya,Drought,Elgon,13,1,3,ECAVL1/ECAVL17,4,0.781061224,88,4,0.578947368,38,3.5
Kenya,Drought,Elgon,14,1,3,ECAVL16-STR/ECAVL18,17,2.163664399,89,4,0.666666667,36,3.5
Kenya,Drought,Elgon,15,1,3,ECAVL17/NIP25,20,2.426485261,83,6,0.878787879,33,1.5
Kenya,Drought,Elgon,16,1,4,ECAVL16/NIP25,15,2.548390023,86,4,0.888888889,27,1.5
Kenya,Drought,Elgon,17,1,4,DH04,30,2.045678005,89,3,0.88,25,2.5
Kenya,Drought,Elgon,18,1,4,ECAVL16-#,24,1.149387755,87,3,0.791666667,24,4
Kenya,Drought,Elgon,19,1,4,ECAVL1/NIP25,6,1.419174603,87,2,0.833333333,24,3
Kenya,Drought,Elgon,20,1,4,ECAVL1/ECAVL16,2,1.677206349,86,2,0.733333333,30,3
Kenya,Drought,Elgon,21,1,5,ECAVL2/ECAVL16,7,2.188335601,85,3,0.875,32,3
Kenya,Drought,Elgon,22,1,5,ECAVL2/ECAVL18,10,2.42924263,90,2,0.882352941,34,2.5
Kenya,Drought,Elgon,23,1,5,ECAVL16-STR/NIP25,18,2.17106576,88,3,0.666666667,30,3
Kenya,Drought,Elgon,24,1,5,ECAVL1-#,22,1.924353741,89,4,0.8,30,3.5
Kenya,Drought,Elgon,25,1,5,ECAVL16/ECAVL18,14,3.312907029,90,3,1,28,1.5
Kenya,Drought,Elgon,26,1,6,ECAVL17/ECAVL18,19,3.174603175,89,3,0.857142857,28,1.5
Kenya,Drought,Elgon,27,1,6,ECAVL1/ECAVL16-STR,3,2.317061224,87,3,1,30,2
Kenya,Drought,Elgon,28,1,6,ECAVL1/ECAVL18,5,2.56,88,3,1.111111111,27,2
Kenya,Drought,Elgon,29,1,6,ECAVL2/NIP25,11,2.545487528,87,2,0.966666667,30,2.5
Kenya,Drought,Elgon,30,1,6,ECAVL17-#,26,2.793650794,88,4,0.964285714,28,2.5
Kenya,Drought,Elgon,31,2,7,ECAVL1/ECAVL17,4,3.448163265,86,3,0.9375,32,1.5
Kenya,Drought,Elgon,32,2,7,ECAVL1/ECAVL16,2,2.688,87,2,0.885714286,35,2
Kenya,Drought,Elgon,33,2,7,ECAVL2/NIP25,11,2.923972789,85,3,0.941176471,34,2
Kenya,Drought,Elgon,34,2,7,ECAVL2/ECAVL17,9,2.697142857,86,2,0.9375,32,2
Kenya,Drought,Elgon,35,2,7,ECAVL16-STR/NIP25,18,3.047619048,86,2,1.083333333,36,2
Kenya,Drought,Elgon,36,2,8,ECAVL1/ECAVL18,5,5.746938776,87,1,1.088235294,34,1
Kenya,Drought,Elgon,37,2,8,NIP25-#,28,3.06155102,87,0,0.914285714,35,1.5
Kenya,Drought,Elgon,38,2,8,ECAVL2-#,23,3.448163265,90,4,0.944444444,36,1.5
Kenya,Drought,Elgon,39,2,8,ECAVL1-#,22,2.933986395,88,5,0.972222222,36,2
Kenya,Drought,Elgon,40,2,8,ECAVL1/NIP25,6,3.703582766,84,3,1.085714286,35,2
Kenya,Drought,Elgon,41,2,9,ECAVL16-STR/ECAVL18,17,3.887020408,88,5,0.882352941,34,2
Kenya,Drought,Elgon,42,2,9,ECAVL1/ECAVL16-STR,3,2.954013605,91,4,0.866666667,30,2.5
Kenya,Drought,Elgon,43,2,9,ECAVL1/ECAVL2,1,2.812807256,92,3,0.6875,32,2
Kenya,Drought,Elgon,44,2,9,ECAVL16/ECAVL17,13,2.809614512,89,3,0.882352941,34,1.5
Kenya,Drought,Elgon,45,2,9,ECAVL2/ECAVL16,7,2.812807256,88,3,0.9375,32,1.5
Kenya,Drought,Elgon,46,2,10,ECAVL16/ECAVL16-STR,12,2.923972789,89,4,0.857142857,35,2
Kenya,Drought,Elgon,47,2,10,ECAVL16/ECAVL18,14,4.054204082,90,3,0.916666667,36,1.5
Kenya,Drought,Elgon,48,2,10,CML202/CML395/CML312-RE,29,2.038712018,92,3,0.714285714,28,1.5
Kenya,Drought,Elgon,49,2,10,ECAVL17/ECAVL18,19,5.164698413,89,3,1.107142857,28,1.5
Kenya,Drought,Elgon,50,2,10,DH04,30,4.195265306,85,3,1.066666667,30,2.5
Kenya,Drought,Elgon,51,2,11,ECAVL18/NIP25,21,3.286494331,87,3,0.882352941,34,2.5
Kenya,Drought,Elgon,52,2,11,ECAVL2/ECAVL16-STR,8,3.571809524,89,2,0.971428571,35,2.5
Kenya,Drought,Elgon,53,2,11,ECAVL16-STR-#,25,3.420734694,90,4,0.888888889,36,2.5
Kenya,Drought,Elgon,54,2,11,ECAVL17-#,26,2.79045805,88,4,0.947368421,38,3
Kenya,Drought,Elgon,55,2,11,ECAVL16/NIP25,15,3.900517007,87,3,1.133333333,30,2
Kenya,Drought,Elgon,56,2,12,ECAVL16-STR/ECAVL17,16,4.312526077,88,4,0.947368421,38,1.5
Kenya,Drought,Elgon,57,2,12,ECAVL17/NIP25,20,3.178231293,87,4,1,37,2
Kenya,Drought,Elgon,58,2,12,ECAVL18-#,27,3.412897959,91,1,0.947368421,38,3
Kenya,Drought,Elgon,59,2,12,ECAVL2/ECAVL18,10,3.174603175,90,3,0.871794872,39,2.5
Kenya,Drought,Elgon,60,2,12,ECAVL16-#,24,2.542585034,87,2,0.789473684,38,3
Kenya,Drought,Elgon,61,3,13,NIP25-#,28,2.050321995,84,3,0.743589744,39,2.5
Kenya,Drought,Elgon,62,3,13,ECAVL2/NIP25,11,3.328,83,3,0.897435897,39,1.5
Kenya,Drought,Elgon,63,3,13,DH04,30,3.047619048,86,2,0.928571429,28,2.5
Kenya,Drought,Elgon,64,3,13,ECAVL2/ECAVL16-STR,8,3.950004535,85,2,1,29,1.5
Kenya,Drought,Elgon,65,3,13,ECAVL2/ECAVL16,7,4.072780045,86,3,0.933333333,30,2
Kenya,Drought,Elgon,66,3,14,ECAVL1/ECAVL16-STR,3,2.557097506,88,3,1,35,3
Kenya,Drought,Elgon,67,3,14,CML202/CML395/CML312-RE,29,0.64,93,2,0.828571429,35,3.5
Kenya,Drought,Elgon,68,3,14,ECAVL17/NIP25,20,2.306612245,87,2,0.944444444,36,2.5
Kenya,Drought,Elgon,69,3,14,ECAVL1/ECAVL16,2,.,86,4,0.769230769,39,2
Kenya,Drought,Elgon,70,3,14,ECAVL18/NIP25,21,1.664,87,2,0.789473684,38,2.5
Kenya,Drought,Elgon,71,3,15,ECAVL16-#,24,1.408,88,6,0.833333333,36,3
Kenya,Drought,Elgon,72,3,15,ECAVL1/ECAVL18,5,2.796843537,88,4,0.947368421,38,2.5
Kenya,Drought,Elgon,73,3,15,ECAVL2/ECAVL17,9,2.031746032,89,3,0.823529412,34,3
Kenya,Drought,Elgon,74,3,15,ECAVL16/ECAVL18,14,1.783873016,88,3,0.857142857,35,2.5
Kenya,Drought,Elgon,75,3,15,ECAVL16/ECAVL17,13,1.92,86,2,0.833333333,36,2
Kenya,Drought,Elgon,76,3,16,ECAVL16-STR-#,25,2.17106576,91,4,0.942857143,35,2.5
Kenya,Drought,Elgon,77,3,16,ECAVL16-STR/ECAVL18,17,2.041034014,89,3,0.911764706,34,3
Kenya,Drought,Elgon,78,3,16,ECAVL17/ECAVL18,19,2.554195011,90,4,0.857142857,28,2.5
Kenya,Drought,Elgon,79,3,16,ECAVL2-#,23,2.166131519,89,4,0.933333333,30,3
Kenya,Drought,Elgon,80,3,16,ECAVL2/ECAVL18,10,2.678857143,91,3,0.896551724,29,2
Kenya,Drought,Elgon,81,3,17,ECAVL16-STR/ECAVL17,16,1.29015873,92,2,0.733333333,30,4
Kenya,Drought,Elgon,82,3,17,ECAVL1/NIP25,6,0.516643991,91,2,0.7,20,4.5
Kenya,Drought,Elgon,83,3,17,ECAVL17-#,26,0.647981859,91,3,0.684210526,19,4.5
Kenya,Drought,Elgon,84,3,17,ECAVL16-STR/NIP25,18,2.043356009,89,4,0.828571429,35,2.5
Kenya,Drought,Elgon,85,3,17,ECAVL16/ECAVL16-STR,12,1.911292517,88,5,0.833333333,24,2.5
Kenya,Drought,Elgon,86,3,18,ECAVL18-#,27,4.519183673,90,2,1.052631579,38,1.5
Kenya,Drought,Elgon,87,3,18,ECAVL1/ECAVL2,1,3.178231293,91,3,1.055555556,36,2
Kenya,Drought,Elgon,88,3,18,ECAVL1/ECAVL17,4,3.575873016,89,2,0.9,40,2.5
Kenya,Drought,Elgon,89,3,18,ECAVL1-#,22,2.277877551,88,4,0.833333333,30,2.5
Kenya,Drought,Elgon,90,3,18,ECAVL16/NIP25,15,3.405061224,87,2,0.846153846,39,2
Uganda,Optimal,Namulonge,1,1,1,ECAVL16/ECAVL17,13,3.655797305,63,3,0.724137931,29,3
Uganda,Optimal,Namulonge,2,1,1,ECAVL1/ECAVL16,2,2.938968553,64,2,0.909090909,33,3
Uganda,Optimal,Namulonge,3,1,1,ECAVL16-STR/ECAVL17,16,2.575813118,64,2,0.8125,32,3.5
Uganda,Optimal,Namulonge,4,1,1,ECAVL1/ECAVL16-STR,3,2.791849057,68,1,0.933333333,30,3
Uganda,Optimal,Namulonge,5,1,1,ECAVL17/ECAVL18,19,3.164877628,66,1,1.03125,32,2.5
Uganda,Optimal,Namulonge,6,1,2,ECAVL2/ECAVL18,10,3.25197628,66,1,1.090909091,33,3
Uganda,Optimal,Namulonge,7,1,2,ECAVL16/ECAVL18,14,1.665725067,69,2,1,27,3.5
Uganda,Optimal,Namulonge,8,1,2,DH04,30,1.412542677,67,2,0.772727273,22,3
Uganda,Optimal,Namulonge,9,1,2,ECAVL17-#,26,1.331015993,67,1,0.5,34,3.5
Uganda,Optimal,Namulonge,10,1,2,ECAVL2/ECAVL17,9,2.378350404,66,3,0.838709677,31,3.5
Uganda,Optimal,Namulonge,11,1,3,ECAVL16/NIP25,15,2.329277987,64,1,0.909090909,33,3
Uganda,Optimal,Namulonge,12,1,3,ECAVL2-#,23,1.911087152,66,2,0.666666667,30,3
Uganda,Optimal,Namulonge,13,1,3,ECAVL16-STR/NIP25,18,2.536907098,67,0,0.935483871,31,3
Uganda,Optimal,Namulonge,14,1,3,ECAVL2/ECAVL16,7,2.987747709,68,2,1.230769231,26,3
Uganda,Optimal,Namulonge,15,1,3,ECAVL16-#,24,2.162900988,65,3,0.909090909,33,2.5
Uganda,Optimal,Namulonge,16,1,4,ECAVL1/NIP25,6,3.526957772,67,0,0.911764706,34,3.5
Uganda,Optimal,Namulonge,17,1,4,ECAVL2/NIP25,11,3.58834717,67,1,1,32,2
Uganda,Optimal,Namulonge,18,1,4,ECAVL17/NIP25,20,3.964894879,64,2,1,31,2
Uganda,Optimal,Namulonge,19,1,4,ECAVL1/ECAVL17,4,4.317297394,66,2,0.909090909,33,2.5
Uganda,Optimal,Namulonge,20,1,4,ECAVL1/ECAVL2,1,5.324063971,64,3,1.166666667,30,2
Uganda,Optimal,Namulonge,21,1,5,ECAVL18-#,27,4.238801078,69,1,0.862068966,29,2.5
Uganda,Optimal,Namulonge,22,1,5,ECAVL16-STR-#,25,3.642307278,70,2,0.966666667,30,2.5
Uganda,Optimal,Namulonge,23,1,5,CML202/CML395/CML312-RE,29,4.788275292,69,0,0.962962963,27,2
Uganda,Optimal,Namulonge,24,1,5,ECAVL16-STR/ECAVL18,17,4.154537287,69,0,0.9375,32,2.5
Uganda,Optimal,Namulonge,25,1,5,NIP25-#,28,2.818438095,67,0,0.852941176,34,3
Uganda,Optimal,Namulonge,26,1,6,ECAVL1/ECAVL18,5,3.664595148,69,-1,1.037037037,27,3
Uganda,Optimal,Namulonge,27,1,6,ECAVL1-#,22,3.74348248,67,1,1.038461538,26,3
Uganda,Optimal,Namulonge,28,1,6,ECAVL16/ECAVL16-STR,12,3.410728482,67,1,0.967741935,31,3
Uganda,Optimal,Namulonge,29,1,6,ECAVL18/NIP25,21,4.028239353,67,1,0.928571429,28,2.5
Uganda,Optimal,Namulonge,30,1,6,ECAVL2/ECAVL16-STR,8,3.523536388,69,1,0.9375,32,3
Uganda,Optimal,Namulonge,31,2,7,ECAVL2/ECAVL18,10,4.043195687,66,1,1.322580645,31,2.5
Uganda,Optimal,Namulonge,32,2,7,ECAVL1/NIP25,6,3.11091752,68,-1,0.84375,32,3
Uganda,Optimal,Namulonge,33,2,7,CML202/CML395/CML312-RE,29,3.66029398,68,0,1,26,3
Uganda,Optimal,Namulonge,34,2,7,ECAVL16-#,24,2.622637197,64,3,0.966666667,30,3.5
Uganda,Optimal,Namulonge,35,2,7,ECAVL17/ECAVL18,19,4.263532794,66,2,1.066666667,30,2.5
Uganda,Optimal,Namulonge,36,2,8,ECAVL1/ECAVL18,5,3.846319497,65,1,0.90625,32,3
Uganda,Optimal,Namulonge,37,2,8,NIP25-#,28,4.076236478,64,2,1,32,3
Uganda,Optimal,Namulonge,38,2,8,ECAVL1/ECAVL16,2,4.320718778,64,1,1.1,30,2
Uganda,Optimal,Namulonge,39,2,8,ECAVL17-#,26,3.406720575,66,1,1.103448276,29,3
Uganda,Optimal,Namulonge,40,2,8,ECAVL16/NIP25,15,3.924815813,64,2,1.107142857,28,2.5
Uganda,Optimal,Namulonge,41,2,9,ECAVL16-STR/ECAVL17,16,4.997175202,64,4,1.060606061,33,2
Uganda,Optimal,Namulonge,42,2,9,ECAVL1/ECAVL2,1,4.301168014,66,1,1,30,2
Uganda,Optimal,Namulonge,43,2,9,ECAVL18-#,27,4.913888949,66,0,1.1,30,3
Uganda,Optimal,Namulonge,44,2,9,ECAVL16-STR/NIP25,18,3.879849057,64,1,1,34,3
Uganda,Optimal,Namulonge,45,2,9,ECAVL18/NIP25,21,3.968805031,63,3,0.96875,32,2.5
Uganda,Optimal,Namulonge,46,2,10,ECAVL16-STR/ECAVL18,17,3.60652938,66,2,1.03125,32,3
Uganda,Optimal,Namulonge,47,2,10,ECAVL1/ECAVL16-STR,3,3.496849596,64,2,1,34,3
Uganda,Optimal,Namulonge,48,2,10,ECAVL2/ECAVL16-STR,8,2.831732615,67,2,0.857142857,28,3
Uganda,Optimal,Namulonge,49,2,10,ECAVL1/ECAVL17,4,2.472780593,66,1,0.90625,32,3.5
Uganda,Optimal,Namulonge,50,2,10,ECAVL16/ECAVL18,14,3.526957772,66,1,1.03125,32,3
Uganda,Optimal,Namulonge,51,2,11,DH04,30,1.95507637,63,4,0.964285714,28,3.5
Uganda,Optimal,Namulonge,52,2,11,ECAVL17/NIP25,20,3.198309434,66,1,0.90625,32,3
Uganda,Optimal,Namulonge,53,2,11,ECAVL2/ECAVL16,7,3.159403414,69,2,1.032258065,31,3
Uganda,Optimal,Namulonge,54,2,11,ECAVL16-STR-#,25,2.893513028,69,1,1.103448276,29,3.5
Uganda,Optimal,Namulonge,55,2,11,ECAVL1-#,22,2.965850854,69,1,0.965517241,29,3
Uganda,Optimal,Namulonge,56,2,12,ECAVL16/ECAVL16-STR,12,3.206325247,66,3,1,31,3
Uganda,Optimal,Namulonge,57,2,12,ECAVL2/ECAVL17,9,3.819437197,67,1,0.935483871,31,3
Uganda,Optimal,Namulonge,58,2,12,ECAVL16/ECAVL17,13,3.354911051,66,1,1.064516129,31,3
Uganda,Optimal,Namulonge,59,2,12,ECAVL2/NIP25,11,3.404765499,64,4,1.03125,32,3
Uganda,Optimal,Namulonge,60,2,12,ECAVL2-#,23,3.323629829,64,1,1.129032258,31,3.5
Uganda,Optimal,Namulonge,61,3,13,ECAVL17-#,26,2.225267925,65,2,0.961538462,26,3.5
Uganda,Optimal,Namulonge,62,3,13,ECAVL18/NIP25,21,3.168592273,66,3,1.178571429,28,3
Uganda,Optimal,Namulonge,63,3,13,ECAVL1/NIP25,6,3.589715723,64,0,1.071428571,28,3
Uganda,Optimal,Namulonge,64,3,13,ECAVL2/ECAVL16,7,3.526957772,63,3,0.909090909,33,2.5
Uganda,Optimal,Namulonge,65,3,13,ECAVL16/ECAVL17,13,2.741994609,63,3,0.90625,32,3.5
Uganda,Optimal,Namulonge,66,3,14,ECAVL1/ECAVL18,5,2.885692722,66,3,0.928571429,28,3
Uganda,Optimal,Namulonge,67,3,14,ECAVL17/NIP25,20,3.689326864,68,1,0.935483871,31,3
Uganda,Optimal,Namulonge,68,3,14,ECAVL16/ECAVL18,14,1.999065588,65,3,0.9,30,3.5
Uganda,Optimal,Namulonge,69,3,14,ECAVL17/ECAVL18,19,3.206325247,66,2,0.935483871,31,3.5
Uganda,Optimal,Namulonge,70,3,14,ECAVL18-#,27,2.740528302,65,4,1,31,3.5
Uganda,Optimal,Namulonge,71,3,15,ECAVL16/NIP25,15,3.402712668,68,-3,1.148148148,27,3
Uganda,Optimal,Namulonge,72,3,15,ECAVL2/NIP25,11,3.800668464,63,5,0.964285714,28,3
Uganda,Optimal,Namulonge,73,3,15,ECAVL16-STR/ECAVL18,17,4.244079784,66,3,0.964285714,28,2.5
Uganda,Optimal,Namulonge,74,3,15,ECAVL1-#,22,4.023253908,67,1,1.034482759,29,3
Uganda,Optimal,Namulonge,75,3,15,ECAVL2/ECAVL18,10,3.875938904,66,0,1.166666667,24,2.5
Uganda,Optimal,Namulonge,76,3,16,CML202/CML395/CML312-RE,29,3.890601977,64,5,0.956521739,23,2
Uganda,Optimal,Namulonge,77,3,16,ECAVL2/ECAVL16-STR,8,4.573607907,68,1,1.03030303,33,3
Uganda,Optimal,Namulonge,78,3,16,ECAVL1/ECAVL2,1,4.17408805,68,0,1.125,24,3
Uganda,Optimal,Namulonge,79,3,16,ECAVL1/ECAVL16,2,3.831167655,64,2,1.0625,32,3
Uganda,Optimal,Namulonge,80,3,16,ECAVL2-#,23,3.642307278,64,4,1,28,3
Uganda,Optimal,Namulonge,81,3,17,ECAVL1/ECAVL16-STR,3,4.809487871,63,1,1.214285714,28,3
Uganda,Optimal,Namulonge,82,3,17,DH04,30,3.100751123,61,5,1,25,3
Uganda,Optimal,Namulonge,83,3,17,ECAVL16-STR/NIP25,18,5.494742138,61,2,1.071428571,28,2
Uganda,Optimal,Namulonge,84,3,17,ECAVL16/ECAVL16-STR,12,4.387191375,63,0,0.966666667,30,3
Uganda,Optimal,Namulonge,85,3,17,NIP25-#,28,4.835979155,62,4,1,29,2.5
Uganda,Optimal,Namulonge,86,3,18,ECAVL2/ECAVL17,9,4.573607907,62,5,0.964285714,28,2.5
Uganda,Optimal,Namulonge,87,3,18,ECAVL16-STR-#,25,3.836739623,67,2,1,25,3
Uganda,Optimal,Namulonge,88,3,18,ECAVL1/ECAVL17,4,4.281030728,68,-1,0.96,25,2.5
Uganda,Optimal,Namulonge,89,3,18,ECAVL16-STR/ECAVL17,16,3.629599281,68,1,1.125,24,3
Uganda,Optimal,Namulonge,90,3,18,ECAVL16-#,24,3.567525606,65,3,0.964285714,28,3
